-- phpMyAdmin SQL Dump
-- version 4.4.10
-- http://www.phpmyadmin.net
--
-- Servidor: localhost:3306
-- Tiempo de generación: 24-09-2015 a las 01:59:22
-- Versión del servidor: 5.5.42
-- Versión de PHP: 5.5.26

SET SQL_MODE = "NO_AUTO_VALUE_ON_ZERO";
SET time_zone = "+00:00";

--
-- Base de datos: `memo`
--

-- --------------------------------------------------------

--
-- Estructura de tabla para la tabla `groups`
--

CREATE TABLE `groups` (
  `id` int(11) NOT NULL,
  `name` varchar(255) DEFAULT NULL,
  `permissions` text,
  `created_at` timestamp NULL DEFAULT NULL,
  `updated_at` timestamp NULL DEFAULT NULL
) ENGINE=InnoDB AUTO_INCREMENT=3 DEFAULT CHARSET=utf8;

--
-- Volcado de datos para la tabla `groups`
--

INSERT INTO `groups` (`id`, `name`, `permissions`, `created_at`, `updated_at`) VALUES
(1, 'Users', '{"users":1}', '2014-06-02 12:11:46', '2014-06-02 12:11:46'),
(2, 'Admins', '{"admin":1,"users":1}', '2014-06-02 12:11:46', '2014-06-02 12:11:46');

-- --------------------------------------------------------

--
-- Estructura de tabla para la tabla `throttle`
--

CREATE TABLE `throttle` (
  `id` int(11) NOT NULL,
  `user_id` int(11) DEFAULT NULL,
  `ip_address` varchar(255) DEFAULT NULL,
  `attempts` int(11) DEFAULT NULL,
  `suspended` tinyint(1) DEFAULT NULL,
  `banned` tinyint(1) DEFAULT NULL,
  `last_attempt_at` timestamp NULL DEFAULT NULL,
  `suspended_at` timestamp NULL DEFAULT NULL,
  `banned_at` timestamp NULL DEFAULT NULL
) ENGINE=InnoDB AUTO_INCREMENT=286 DEFAULT CHARSET=utf8;

--
-- Volcado de datos para la tabla `throttle`
--

INSERT INTO `throttle` (`id`, `user_id`, `ip_address`, `attempts`, `suspended`, `banned`, `last_attempt_at`, `suspended_at`, `banned_at`) VALUES
(1, 1, NULL, 0, 0, NULL, NULL, NULL, NULL),
(2, 2, NULL, 3, 0, NULL, '2015-06-08 13:52:00', NULL, NULL),
(3, 3, NULL, 0, 0, NULL, NULL, NULL, NULL),
(4, 10, NULL, NULL, NULL, NULL, NULL, NULL, NULL),
(5, 4, NULL, 0, 0, NULL, NULL, NULL, NULL),
(6, 5, NULL, NULL, NULL, NULL, NULL, NULL, NULL),
(7, 6, NULL, NULL, NULL, NULL, NULL, NULL, NULL),
(8, 7, NULL, NULL, NULL, NULL, NULL, NULL, NULL),
(9, 8, NULL, NULL, NULL, NULL, NULL, NULL, NULL),
(10, 9, NULL, 0, 0, NULL, NULL, NULL, NULL),
(11, 11, NULL, NULL, NULL, NULL, NULL, NULL, NULL),
(12, 14, NULL, NULL, NULL, NULL, NULL, NULL, NULL),
(13, 12, NULL, 0, 0, NULL, NULL, NULL, NULL),
(14, 13, NULL, NULL, NULL, NULL, NULL, NULL, NULL),
(15, 15, NULL, NULL, NULL, NULL, NULL, NULL, NULL),
(16, 16, NULL, NULL, NULL, NULL, NULL, NULL, NULL),
(17, 17, NULL, NULL, NULL, NULL, NULL, NULL, NULL),
(18, 19, NULL, 0, 0, NULL, NULL, NULL, NULL),
(19, 20, NULL, 0, 0, NULL, NULL, NULL, NULL),
(20, 22, NULL, 2, 0, NULL, '2014-10-04 19:07:46', NULL, NULL),
(21, 23, NULL, NULL, NULL, NULL, NULL, NULL, NULL),
(22, 24, NULL, NULL, NULL, NULL, NULL, NULL, NULL),
(23, 18, NULL, NULL, NULL, NULL, NULL, NULL, NULL),
(24, 21, NULL, NULL, NULL, NULL, NULL, NULL, NULL),
(25, 25, NULL, 1, NULL, NULL, '2015-02-28 19:07:11', NULL, NULL),
(26, 28, NULL, NULL, NULL, NULL, NULL, NULL, NULL),
(27, 32, NULL, NULL, NULL, NULL, NULL, NULL, NULL),
(28, 33, NULL, NULL, NULL, NULL, NULL, NULL, NULL),
(29, 36, NULL, NULL, NULL, NULL, NULL, NULL, NULL),
(30, 37, NULL, 0, NULL, NULL, '2014-09-18 01:29:02', NULL, NULL),
(31, 38, NULL, NULL, NULL, NULL, NULL, NULL, NULL),
(32, 39, NULL, 0, 0, NULL, NULL, NULL, NULL),
(33, 26, NULL, NULL, NULL, NULL, NULL, NULL, NULL),
(34, 27, NULL, 1, NULL, NULL, '2015-03-24 12:11:05', NULL, NULL),
(35, 29, NULL, NULL, NULL, NULL, NULL, NULL, NULL),
(36, 30, NULL, NULL, NULL, NULL, NULL, NULL, NULL),
(37, 31, NULL, NULL, NULL, NULL, NULL, NULL, NULL),
(38, 34, NULL, NULL, NULL, NULL, NULL, NULL, NULL),
(39, 35, NULL, NULL, NULL, NULL, NULL, NULL, NULL),
(40, 46, NULL, NULL, NULL, NULL, NULL, NULL, NULL),
(41, 48, NULL, NULL, NULL, NULL, NULL, NULL, NULL),
(42, 40, NULL, NULL, NULL, NULL, NULL, NULL, NULL),
(43, 41, NULL, NULL, NULL, NULL, NULL, NULL, NULL),
(44, 42, NULL, NULL, NULL, NULL, NULL, NULL, NULL),
(45, 43, NULL, NULL, NULL, NULL, NULL, NULL, NULL),
(46, 44, NULL, NULL, NULL, NULL, NULL, NULL, NULL),
(47, 45, NULL, NULL, NULL, NULL, NULL, NULL, NULL),
(48, 47, NULL, 1, NULL, NULL, '2014-12-26 17:25:53', NULL, NULL),
(49, 49, NULL, NULL, NULL, NULL, NULL, NULL, NULL),
(50, 50, NULL, NULL, NULL, NULL, NULL, NULL, NULL),
(51, 52, NULL, NULL, NULL, NULL, NULL, NULL, NULL),
(52, 53, NULL, NULL, NULL, NULL, NULL, NULL, NULL),
(53, 51, NULL, NULL, NULL, NULL, NULL, NULL, NULL),
(54, 54, NULL, NULL, NULL, NULL, NULL, NULL, NULL),
(55, 57, NULL, NULL, NULL, NULL, NULL, NULL, NULL),
(56, 58, NULL, 2, NULL, NULL, '2014-10-13 22:56:21', NULL, NULL),
(57, 56, NULL, NULL, NULL, NULL, NULL, NULL, NULL),
(58, 55, NULL, NULL, NULL, NULL, NULL, NULL, NULL),
(59, 59, NULL, NULL, NULL, NULL, NULL, NULL, NULL),
(60, 61, NULL, NULL, NULL, NULL, NULL, NULL, NULL),
(61, 62, NULL, NULL, NULL, NULL, NULL, NULL, NULL),
(62, 64, NULL, NULL, NULL, NULL, NULL, NULL, NULL),
(63, 67, NULL, NULL, NULL, NULL, NULL, NULL, NULL),
(64, 68, NULL, 2, NULL, NULL, '2014-12-03 00:34:36', NULL, NULL),
(65, 72, NULL, NULL, NULL, NULL, NULL, NULL, NULL),
(66, 74, NULL, NULL, NULL, NULL, NULL, NULL, NULL),
(67, 60, NULL, 3, NULL, NULL, '2015-07-11 17:24:37', NULL, NULL),
(68, 63, NULL, NULL, NULL, NULL, NULL, NULL, NULL),
(69, 65, NULL, NULL, NULL, NULL, NULL, NULL, NULL),
(70, 66, NULL, NULL, NULL, NULL, NULL, NULL, NULL),
(71, 69, NULL, NULL, NULL, NULL, NULL, NULL, NULL),
(72, 70, NULL, NULL, NULL, NULL, NULL, NULL, NULL),
(73, 71, NULL, NULL, NULL, NULL, NULL, NULL, NULL),
(74, 73, NULL, NULL, NULL, NULL, NULL, NULL, NULL),
(75, 75, NULL, NULL, NULL, NULL, NULL, NULL, NULL),
(76, 76, NULL, NULL, NULL, NULL, NULL, NULL, NULL),
(77, 77, NULL, NULL, NULL, NULL, NULL, NULL, NULL),
(78, 78, NULL, NULL, NULL, NULL, NULL, NULL, NULL),
(79, 85, NULL, 0, NULL, NULL, '2014-10-15 23:37:04', NULL, NULL),
(80, 79, NULL, NULL, NULL, NULL, NULL, NULL, NULL),
(81, 80, NULL, NULL, NULL, NULL, NULL, NULL, NULL),
(82, 81, NULL, NULL, NULL, NULL, NULL, NULL, NULL),
(83, 82, NULL, NULL, NULL, NULL, NULL, NULL, NULL),
(84, 83, NULL, NULL, NULL, NULL, NULL, NULL, NULL),
(85, 84, NULL, NULL, NULL, NULL, NULL, NULL, NULL),
(86, 86, NULL, NULL, NULL, NULL, NULL, NULL, NULL),
(87, 88, NULL, NULL, NULL, NULL, NULL, NULL, NULL),
(88, 89, NULL, NULL, NULL, NULL, NULL, NULL, NULL),
(89, 92, NULL, NULL, NULL, NULL, NULL, NULL, NULL),
(90, 93, NULL, NULL, NULL, NULL, NULL, NULL, NULL),
(91, 95, NULL, NULL, NULL, NULL, NULL, NULL, NULL),
(92, 97, NULL, 1, NULL, NULL, '2014-11-02 18:15:11', NULL, NULL),
(93, 98, NULL, NULL, NULL, NULL, NULL, NULL, NULL),
(94, 99, NULL, NULL, NULL, NULL, NULL, NULL, NULL),
(95, 87, NULL, NULL, NULL, NULL, NULL, NULL, NULL),
(96, 90, NULL, NULL, NULL, NULL, NULL, NULL, NULL),
(97, 91, NULL, NULL, NULL, NULL, NULL, NULL, NULL),
(98, 94, NULL, NULL, NULL, NULL, NULL, NULL, NULL),
(99, 96, NULL, NULL, NULL, NULL, NULL, NULL, NULL),
(100, 100, NULL, NULL, NULL, NULL, NULL, NULL, NULL),
(101, 106, NULL, 0, 0, NULL, NULL, NULL, NULL),
(102, 101, NULL, NULL, NULL, NULL, NULL, NULL, NULL),
(103, 102, NULL, NULL, NULL, NULL, NULL, NULL, NULL),
(104, 103, NULL, NULL, NULL, NULL, NULL, NULL, NULL),
(105, 104, NULL, NULL, NULL, NULL, NULL, NULL, NULL),
(106, 105, NULL, NULL, NULL, NULL, NULL, NULL, NULL),
(107, 107, NULL, NULL, NULL, NULL, NULL, NULL, NULL),
(108, 108, NULL, NULL, NULL, NULL, NULL, NULL, NULL),
(109, 109, NULL, NULL, NULL, NULL, NULL, NULL, NULL),
(110, 110, NULL, NULL, NULL, NULL, NULL, NULL, NULL),
(111, 111, NULL, NULL, NULL, NULL, NULL, NULL, NULL),
(112, 113, NULL, NULL, NULL, NULL, NULL, NULL, NULL),
(113, 116, NULL, NULL, NULL, NULL, NULL, NULL, NULL),
(114, 120, NULL, 0, 0, NULL, NULL, NULL, NULL),
(115, 122, NULL, NULL, NULL, NULL, NULL, NULL, NULL),
(116, 132, NULL, NULL, NULL, NULL, NULL, NULL, NULL),
(117, 134, NULL, 0, 0, NULL, NULL, NULL, NULL),
(118, 123, NULL, 0, NULL, NULL, '2014-11-23 19:40:15', NULL, NULL),
(119, 143, NULL, NULL, NULL, NULL, NULL, NULL, NULL),
(120, 126, NULL, 2, 0, NULL, '2015-01-28 19:24:25', NULL, NULL),
(121, 142, NULL, 1, 0, NULL, '2015-08-10 04:12:48', NULL, NULL),
(122, 112, NULL, NULL, NULL, NULL, NULL, NULL, NULL),
(123, 114, NULL, NULL, NULL, NULL, NULL, NULL, NULL),
(124, 115, NULL, NULL, NULL, NULL, NULL, NULL, NULL),
(125, 117, NULL, NULL, NULL, NULL, NULL, NULL, NULL),
(126, 118, NULL, NULL, NULL, NULL, NULL, NULL, NULL),
(127, 119, NULL, NULL, NULL, NULL, NULL, NULL, NULL),
(128, 121, NULL, NULL, NULL, NULL, NULL, NULL, NULL),
(129, 124, NULL, 0, 0, NULL, NULL, NULL, NULL),
(130, 125, NULL, NULL, NULL, NULL, NULL, NULL, NULL),
(131, 127, NULL, NULL, NULL, NULL, NULL, NULL, NULL),
(132, 128, NULL, NULL, NULL, NULL, NULL, NULL, NULL),
(133, 129, NULL, 4, NULL, NULL, '2015-02-07 04:20:07', NULL, NULL),
(134, 130, NULL, NULL, NULL, NULL, NULL, NULL, NULL),
(135, 131, NULL, NULL, NULL, NULL, NULL, NULL, NULL),
(136, 133, NULL, 1, 0, NULL, '2015-01-08 00:15:20', NULL, NULL),
(137, 135, NULL, NULL, NULL, NULL, NULL, NULL, NULL),
(138, 136, NULL, NULL, NULL, NULL, NULL, NULL, NULL),
(139, 137, NULL, NULL, NULL, NULL, NULL, NULL, NULL),
(140, 138, NULL, 0, 0, NULL, NULL, NULL, NULL),
(141, 139, NULL, 1, NULL, NULL, '2015-01-02 18:48:18', NULL, NULL),
(142, 140, NULL, NULL, NULL, NULL, NULL, NULL, NULL),
(143, 141, NULL, NULL, NULL, NULL, NULL, NULL, NULL),
(144, 144, NULL, NULL, NULL, NULL, NULL, NULL, NULL),
(145, 151, NULL, 0, 0, NULL, NULL, NULL, NULL),
(146, 154, NULL, NULL, NULL, NULL, NULL, NULL, NULL),
(147, 156, NULL, NULL, NULL, NULL, NULL, NULL, NULL),
(148, 159, NULL, NULL, NULL, NULL, NULL, NULL, NULL),
(149, 160, NULL, NULL, NULL, NULL, NULL, NULL, NULL),
(150, 162, NULL, 1, NULL, NULL, '2015-01-03 17:57:19', NULL, NULL),
(151, 165, NULL, 0, 0, NULL, NULL, NULL, NULL),
(152, 167, NULL, NULL, NULL, NULL, NULL, NULL, NULL),
(153, 166, NULL, NULL, NULL, NULL, NULL, NULL, NULL),
(154, 170, NULL, NULL, NULL, NULL, NULL, NULL, NULL),
(155, 171, NULL, NULL, NULL, NULL, NULL, NULL, NULL),
(156, 174, NULL, NULL, NULL, NULL, NULL, NULL, NULL),
(157, 176, NULL, 0, 0, NULL, NULL, NULL, NULL),
(158, 175, NULL, NULL, NULL, NULL, NULL, NULL, NULL),
(159, 181, NULL, NULL, NULL, NULL, NULL, NULL, NULL),
(160, 183, NULL, NULL, NULL, NULL, NULL, NULL, NULL),
(161, 180, NULL, 1, 0, NULL, '2015-02-02 21:47:08', NULL, NULL),
(162, 186, NULL, NULL, NULL, NULL, NULL, NULL, NULL),
(163, 188, NULL, NULL, NULL, NULL, NULL, NULL, NULL),
(164, 191, NULL, NULL, NULL, NULL, NULL, NULL, NULL),
(165, 150, NULL, 1, NULL, NULL, '2015-01-31 19:21:13', NULL, NULL),
(166, 192, NULL, NULL, NULL, NULL, NULL, NULL, NULL),
(167, 194, NULL, NULL, NULL, NULL, NULL, NULL, NULL),
(168, 158, NULL, 1, NULL, NULL, '2015-02-11 11:14:08', NULL, NULL),
(169, 145, NULL, NULL, NULL, NULL, NULL, NULL, NULL),
(170, 146, NULL, NULL, NULL, NULL, NULL, NULL, NULL),
(171, 147, NULL, NULL, NULL, NULL, NULL, NULL, NULL),
(172, 148, NULL, NULL, NULL, NULL, NULL, NULL, NULL),
(173, 149, NULL, NULL, NULL, NULL, NULL, NULL, NULL),
(174, 152, NULL, 1, NULL, NULL, '2015-03-20 12:41:26', NULL, NULL),
(175, 153, NULL, NULL, NULL, NULL, NULL, NULL, NULL),
(176, 155, NULL, NULL, NULL, NULL, NULL, NULL, NULL),
(177, 157, NULL, NULL, NULL, NULL, NULL, NULL, NULL),
(178, 161, NULL, NULL, NULL, NULL, NULL, NULL, NULL),
(179, 163, NULL, NULL, NULL, NULL, NULL, NULL, NULL),
(180, 164, NULL, NULL, NULL, NULL, NULL, NULL, NULL),
(181, 168, NULL, NULL, NULL, NULL, NULL, NULL, NULL),
(182, 169, NULL, NULL, NULL, NULL, NULL, NULL, NULL),
(183, 172, NULL, NULL, NULL, NULL, NULL, NULL, NULL),
(184, 173, NULL, NULL, NULL, NULL, NULL, NULL, NULL),
(185, 177, NULL, NULL, NULL, NULL, NULL, NULL, NULL),
(186, 178, NULL, NULL, NULL, NULL, NULL, NULL, NULL),
(187, 179, NULL, NULL, NULL, NULL, NULL, NULL, NULL),
(188, 182, NULL, NULL, NULL, NULL, NULL, NULL, NULL),
(189, 184, NULL, NULL, NULL, NULL, NULL, NULL, NULL),
(190, 185, NULL, NULL, NULL, NULL, NULL, NULL, NULL),
(191, 187, NULL, NULL, NULL, NULL, NULL, NULL, NULL),
(192, 189, NULL, NULL, NULL, NULL, NULL, NULL, NULL),
(193, 190, NULL, NULL, NULL, NULL, NULL, NULL, NULL),
(194, 193, NULL, NULL, NULL, NULL, NULL, NULL, NULL),
(195, 195, NULL, 1, NULL, NULL, '2015-02-24 20:03:14', NULL, NULL),
(196, 196, NULL, NULL, NULL, NULL, NULL, NULL, NULL),
(197, 197, NULL, NULL, NULL, NULL, NULL, NULL, NULL),
(198, 198, NULL, NULL, NULL, NULL, NULL, NULL, NULL),
(199, 199, NULL, NULL, NULL, NULL, NULL, NULL, NULL),
(200, 200, NULL, NULL, NULL, NULL, NULL, NULL, NULL),
(201, 207, NULL, NULL, NULL, NULL, NULL, NULL, NULL),
(202, 213, NULL, 1, NULL, NULL, '2015-03-23 20:57:06', NULL, NULL),
(203, 216, NULL, NULL, NULL, NULL, NULL, NULL, NULL),
(204, 201, NULL, NULL, NULL, NULL, NULL, NULL, NULL),
(205, 202, NULL, NULL, NULL, NULL, NULL, NULL, NULL),
(206, 203, NULL, NULL, NULL, NULL, NULL, NULL, NULL),
(207, 204, NULL, NULL, NULL, NULL, NULL, NULL, NULL),
(208, 205, NULL, NULL, NULL, NULL, NULL, NULL, NULL),
(209, 206, NULL, NULL, NULL, NULL, NULL, NULL, NULL),
(210, 208, NULL, 1, NULL, NULL, '2015-08-05 17:15:30', NULL, NULL),
(211, 209, NULL, NULL, NULL, NULL, NULL, NULL, NULL),
(212, 210, NULL, NULL, NULL, NULL, NULL, NULL, NULL),
(213, 211, NULL, NULL, NULL, NULL, NULL, NULL, NULL),
(214, 212, NULL, NULL, NULL, NULL, NULL, NULL, NULL),
(215, 214, NULL, NULL, NULL, NULL, NULL, NULL, NULL),
(216, 215, NULL, NULL, NULL, NULL, NULL, NULL, NULL),
(217, 217, NULL, 2, NULL, NULL, '2015-04-13 12:07:51', NULL, NULL),
(218, 218, NULL, NULL, NULL, NULL, NULL, NULL, NULL),
(219, 223, NULL, NULL, NULL, NULL, NULL, NULL, NULL),
(220, 219, NULL, NULL, NULL, NULL, NULL, NULL, NULL),
(221, 220, NULL, NULL, NULL, NULL, NULL, NULL, NULL),
(222, 221, NULL, NULL, NULL, NULL, NULL, NULL, NULL),
(223, 222, NULL, NULL, NULL, NULL, NULL, NULL, NULL),
(224, 224, NULL, NULL, NULL, NULL, NULL, NULL, NULL),
(225, 225, NULL, NULL, NULL, NULL, NULL, NULL, NULL),
(226, 226, NULL, NULL, NULL, NULL, NULL, NULL, NULL),
(227, 227, NULL, NULL, NULL, NULL, NULL, NULL, NULL),
(228, 229, NULL, NULL, NULL, NULL, NULL, NULL, NULL),
(229, 228, NULL, NULL, NULL, NULL, NULL, NULL, NULL),
(230, 230, NULL, NULL, NULL, NULL, NULL, NULL, NULL),
(231, 231, NULL, NULL, NULL, NULL, NULL, NULL, NULL),
(232, 232, NULL, NULL, NULL, NULL, NULL, NULL, NULL),
(233, 233, NULL, NULL, NULL, NULL, NULL, NULL, NULL),
(234, 234, NULL, NULL, NULL, NULL, NULL, NULL, NULL),
(235, 235, NULL, NULL, NULL, NULL, NULL, NULL, NULL),
(236, 236, NULL, NULL, NULL, NULL, NULL, NULL, NULL),
(237, 239, NULL, 0, 0, NULL, NULL, NULL, NULL),
(238, 241, NULL, NULL, NULL, NULL, NULL, NULL, NULL),
(239, 245, NULL, 1, 0, NULL, '2015-06-04 03:23:15', NULL, NULL),
(240, 247, NULL, NULL, NULL, NULL, NULL, NULL, NULL),
(241, 251, NULL, NULL, NULL, NULL, NULL, NULL, NULL),
(242, 255, NULL, NULL, NULL, NULL, NULL, NULL, NULL),
(243, 256, NULL, NULL, NULL, NULL, NULL, NULL, NULL),
(244, 257, NULL, NULL, NULL, NULL, NULL, NULL, NULL),
(245, 259, NULL, 1, NULL, NULL, '2015-06-17 06:17:02', NULL, NULL),
(246, 266, NULL, NULL, NULL, NULL, NULL, NULL, NULL),
(247, 269, NULL, NULL, NULL, NULL, NULL, NULL, NULL),
(248, 237, NULL, NULL, NULL, NULL, NULL, NULL, NULL),
(249, 238, NULL, NULL, NULL, NULL, NULL, NULL, NULL),
(250, 240, NULL, NULL, NULL, NULL, NULL, NULL, NULL),
(251, 242, NULL, NULL, NULL, NULL, NULL, NULL, NULL),
(252, 243, NULL, NULL, NULL, NULL, NULL, NULL, NULL),
(253, 244, NULL, NULL, NULL, NULL, NULL, NULL, NULL),
(254, 246, NULL, NULL, NULL, NULL, NULL, NULL, NULL),
(255, 248, NULL, NULL, NULL, NULL, NULL, NULL, NULL),
(256, 249, NULL, NULL, NULL, NULL, NULL, NULL, NULL),
(257, 250, NULL, NULL, NULL, NULL, NULL, NULL, NULL),
(258, 252, NULL, NULL, NULL, NULL, NULL, NULL, NULL),
(259, 253, NULL, NULL, NULL, NULL, NULL, NULL, NULL),
(260, 254, NULL, NULL, NULL, NULL, NULL, NULL, NULL),
(261, 258, NULL, NULL, NULL, NULL, NULL, NULL, NULL),
(262, 260, NULL, NULL, NULL, NULL, NULL, NULL, NULL),
(263, 261, NULL, NULL, NULL, NULL, NULL, NULL, NULL),
(264, 262, NULL, 0, 0, NULL, NULL, NULL, NULL),
(265, 263, NULL, NULL, NULL, NULL, NULL, NULL, NULL),
(266, 264, NULL, NULL, NULL, NULL, NULL, NULL, NULL),
(267, 265, NULL, NULL, NULL, NULL, NULL, NULL, NULL),
(268, 267, NULL, NULL, NULL, NULL, NULL, NULL, NULL),
(269, 268, NULL, NULL, NULL, NULL, NULL, NULL, NULL),
(270, 270, NULL, NULL, NULL, NULL, NULL, NULL, NULL),
(271, 271, NULL, NULL, NULL, NULL, NULL, NULL, NULL),
(272, 272, NULL, 1, NULL, NULL, '2015-07-02 15:15:11', NULL, NULL),
(273, 273, NULL, NULL, NULL, NULL, NULL, NULL, NULL),
(274, 274, NULL, NULL, NULL, NULL, NULL, NULL, NULL),
(275, 276, NULL, NULL, NULL, NULL, NULL, NULL, NULL),
(276, 279, NULL, NULL, NULL, NULL, NULL, NULL, NULL),
(277, 280, NULL, NULL, NULL, NULL, NULL, NULL, NULL),
(278, 288, NULL, 0, 0, NULL, NULL, NULL, NULL),
(279, 293, NULL, NULL, NULL, NULL, NULL, NULL, NULL),
(280, 294, NULL, NULL, NULL, NULL, NULL, NULL, NULL),
(281, 300, NULL, NULL, NULL, NULL, NULL, NULL, NULL),
(282, 304, NULL, NULL, NULL, NULL, NULL, NULL, NULL),
(283, 308, NULL, NULL, NULL, NULL, NULL, NULL, NULL),
(284, 313, NULL, NULL, NULL, NULL, NULL, NULL, NULL),
(285, 314, NULL, NULL, NULL, NULL, NULL, NULL, NULL);

-- --------------------------------------------------------

--
-- Estructura de tabla para la tabla `users`
--

CREATE TABLE `users` (
  `id` int(11) NOT NULL,
  `username` varchar(75) DEFAULT NULL,
  `email` varchar(125) DEFAULT NULL,
  `password` varchar(255) DEFAULT NULL,
  `first_name` varchar(255) DEFAULT NULL,
  `last_name` varchar(255) DEFAULT NULL,
  `genero` enum('masculino','femenino','no definido') DEFAULT NULL,
  `fecha_nacimiento` date DEFAULT NULL,
  `telefono` varchar(75) DEFAULT NULL,
  `estado` tinyint(1) DEFAULT NULL,
  `newsletter` tinyint(1) DEFAULT NULL,
  `permissions` text,
  `activated` tinyint(1) DEFAULT NULL,
  `activation_code` varchar(255) DEFAULT NULL,
  `activated_at` timestamp NULL DEFAULT NULL,
  `last_login` timestamp NULL DEFAULT NULL,
  `persist_code` varchar(255) DEFAULT NULL,
  `reset_password_code` varchar(255) DEFAULT NULL,
  `created_at` datetime DEFAULT NULL,
  `updated_at` datetime DEFAULT NULL
) ENGINE=InnoDB AUTO_INCREMENT=315 DEFAULT CHARSET=utf8;

--
-- Volcado de datos para la tabla `users`
--

INSERT INTO `users` (`id`, `username`, `email`, `password`, `first_name`, `last_name`, `genero`, `fecha_nacimiento`, `telefono`, `estado`, `newsletter`, `permissions`, `activated`, `activation_code`, `activated_at`, `last_login`, `persist_code`, `reset_password_code`, `created_at`, `updated_at`) VALUES
(1, NULL, 'keloxers@gmail.com', '$2y$10$2EEjrAJZDhZsyNCGSNOK2uJ/nXP8.oLhFRuuvgZZ4lIBlqaCdgIKG', 'Miguel', 'Mendez', NULL, NULL, NULL, NULL, NULL, NULL, 1, NULL, '2014-07-23 01:47:10', '2015-09-09 23:47:10', '$2y$10$8pLOTndh8WLnMS/3FfqbLeVSLqh.gHV5Se6uWvTde7OXlC.ZNHggC', NULL, '2014-07-22 15:46:33', '2015-09-09 20:47:10'),
(2, NULL, 'virasorovirtual@gmail.com', '$2y$10$RwCuwTm9QDFmGU1lydaPv.BwRir6ylC8C9DzrKqlbiU/xEhu.5zxq$2y$10$2EEjrAJZDhZsyNCGSNOK2uJ/nXP8.oLhFRuuvgZZ4lIBlqaCdgIKG', 'Redaccion', 'VirasoroVirtual.com', NULL, NULL, NULL, NULL, NULL, NULL, 1, NULL, '2014-09-10 19:39:33', '2015-03-16 21:50:26', '$2y$10$wKv.DULd2XkJEXplkPd5IO68HEbJxSC85Qa3Ll4U9zgXAehTVmobG', NULL, '2014-09-10 11:31:39', '2015-03-16 17:50:26'),
(3, NULL, 'vjyacster@gmail.com', '$2y$10$rBvFOrojsmE56kUeKqy87eWZKHicHbzLRqArGepL/DY75HFxLknGu', 'Victor', 'Yaczsen', NULL, NULL, NULL, NULL, NULL, NULL, 1, NULL, '2014-08-29 01:19:37', '2015-09-08 20:30:55', '$2y$10$A7vQVRzTOvoCW2OV/pA05OMsGPkeMkbxHUxJXjQcNxU5wVwXshnji', NULL, '2014-08-28 22:19:15', '2015-09-08 16:30:55'),
(5, NULL, 'maryselaquino@gmail.com', '$2y$10$bN4W0KRJZq2/vxzBLgqJTOdQH.Tjq1kIMR.DEtIFTEM0wJ.wq7xWK', NULL, NULL, NULL, NULL, NULL, NULL, NULL, NULL, 1, NULL, '2014-09-10 19:43:32', '2014-12-02 23:22:27', '$2y$10$EAUq9tiPi6F1Z1qf77k4oeu8w6pNJPykg8rOzW4AeUaWRggEzpUW2', NULL, '2014-09-10 11:42:15', '2014-12-02 18:22:27'),
(6, NULL, 'atilionavajas@yahoo.com.ar', '$2y$10$9JOTUwO0mIGXGi6tIbdchOfbNUPbm4/LlJdk71nRnsNhlv5JMYWJe', NULL, NULL, NULL, NULL, NULL, NULL, NULL, NULL, NULL, 'Gyt0URKPdUksAPq3kKZZuKnMEP5ifqHCzomAV2qk5f', NULL, NULL, NULL, NULL, '2014-09-10 12:04:25', '2014-09-10 12:04:25'),
(7, NULL, 'laurita20111985@live.com.ar', '$2y$10$EJa3FWtgt2v2iUTAalJ07uhgwo6AqkXEAtxPA.ZOj7.SoaIzu9MLq', NULL, NULL, NULL, NULL, NULL, NULL, NULL, NULL, 1, NULL, '2014-09-14 13:54:36', NULL, NULL, NULL, '2014-09-10 12:16:31', '2014-09-14 09:54:36'),
(8, NULL, 'ndt08@hotmail.com', '$2y$10$bdyrNfqUDIkfDYT.oJ1oL.l8j21cPX7JvUwUecFwH0ZXJFJPUOmim', NULL, NULL, NULL, NULL, NULL, NULL, NULL, NULL, NULL, 'XaaYF3hUot2dYrevCfoudgcHMj9kSqW4Y6foJVIN2z', NULL, NULL, NULL, NULL, '2014-09-10 12:39:31', '2014-09-10 12:39:31'),
(9, NULL, 'sergiofranco59@live.com.ar', '$2y$10$yHNR740//1brzDzzLHXXi.Y8cO3CeBINPvBq0yeuZYNpaSI6wT0he', NULL, NULL, NULL, NULL, NULL, NULL, NULL, NULL, NULL, 'Z9h9tbIFJwLO1PiGEI3BP05hMfRyoEpRBUdoZ0C9I3', NULL, NULL, NULL, NULL, '2014-09-10 13:03:33', '2014-09-10 13:03:33'),
(10, NULL, 'eapaladino1@gmail.com', '$2y$10$Au5JKG8X5ztxgFyIdmF7.uj8r8rZAUYAxTBfMqPZnrFcbxdyuPTPi', NULL, NULL, NULL, NULL, NULL, NULL, NULL, NULL, 1, NULL, '2014-09-15 14:34:56', NULL, NULL, NULL, '2014-09-12 10:01:23', '2014-09-15 10:34:56'),
(11, NULL, 'maidanaluis2009@hotmail.com', '$2y$10$/nYEVKDfzmP3dvZxTxaJBeSpWqeB4zG2CLp7BCmxMLiGQPaxKCfKG', NULL, NULL, NULL, NULL, NULL, NULL, NULL, NULL, 1, NULL, '2014-09-12 15:21:35', '2014-09-12 15:23:08', '$2y$10$G4OHPSHdlBHf/Mck2UhVw.zQJAl1MJHkL/Rwu3VlgBbHyPnpaRx7i', NULL, '2014-09-12 11:19:03', '2014-09-12 11:23:08'),
(12, NULL, 'nohe_82_98@hotmail.com', '$2y$10$QmkiGCxD6r2k84qzKALxCuDiFL3Zk.lmXW/qKiV/myKwxGHOnHmTG', NULL, NULL, NULL, NULL, NULL, NULL, NULL, NULL, NULL, 'TLO7xmyMxxArxNTA1pV3fArjYxsCTJjUccFYBk7VmZ', NULL, NULL, NULL, NULL, '2014-09-12 14:04:01', '2014-09-12 14:04:01'),
(13, NULL, 'pablogabriel_ramos@hotmail.com', '$2y$10$7lHaDPlWBfNmVtLchv3XP.ND/lGzNqq8vLC8kSSI9DWzFmdQ/IlAW', NULL, NULL, NULL, NULL, NULL, NULL, NULL, NULL, NULL, '8m2MSoXDkilroX0rYDeiWVRzjxQcHTFF23JBCTB0Yy', NULL, NULL, NULL, NULL, '2014-09-12 22:47:53', '2014-09-12 22:47:53'),
(14, NULL, 'yesikgriselda@gmail.com', '$2y$10$O61qJ1qhiVY1MrFKOqUdcOMKNxifQ7P6DiObKebCeU79XGfOzdVe2', NULL, NULL, NULL, NULL, NULL, NULL, NULL, NULL, NULL, 'B8sEZD2oTbSSFBark5IrJnVb0aYr54I9bJYGFLY22G', NULL, NULL, NULL, NULL, '2014-09-12 23:23:56', '2014-09-12 23:23:56'),
(15, NULL, 'pauly_prpe@hotmail.com', '$2y$10$htsjBS3C4.fcuv/04egSUu6GFSpnErDHOwhAqDbxx2ly8WARm61cC', NULL, NULL, NULL, NULL, NULL, NULL, NULL, NULL, NULL, 'ZJjMVZFixukZbkFvlMClTmP7AXCaxIhXtLBfMJUjnD', NULL, NULL, NULL, NULL, '2014-09-13 00:14:33', '2014-09-13 00:14:33'),
(16, NULL, 'rosana_kory@hotmail.com.ahr', '$2y$10$3IFZ679lh506ElfaT8cmIuWtPiJmd9Pxlgh0d4aTARIXGVIZxeFSi', NULL, NULL, NULL, NULL, NULL, NULL, NULL, NULL, NULL, 'zHD8OMXyEcpBV0xXehpQCscPwIlhuRPzPZGfx4fNig', NULL, NULL, NULL, NULL, '2014-09-13 01:14:47', '2014-09-13 01:14:47'),
(17, NULL, 'nachorios45@gmail.com', '$2y$10$zxOuimBWLUBm.XkMGQMzwe/qxHT5LMAtRKuV5lzMv0WfVtAvaHKJW', NULL, NULL, NULL, NULL, NULL, NULL, NULL, NULL, NULL, 'TsNCjWBy9QPJx29fh1qlNIDkk6IXH1P7Q7CBpOsodb', NULL, NULL, NULL, NULL, '2014-09-13 03:05:21', '2014-09-13 03:05:21'),
(18, NULL, 'dnonino80@gmail.com', '$2y$10$W/fHiw/Iw4czS1Y4Kn/XgemuGsTFzEAN7HwIFfJlhuX224/e4/qcu', NULL, NULL, NULL, NULL, NULL, NULL, NULL, NULL, NULL, '8J8goW339YOhhCOsvyUERlWK4ytTPpjljsRCv2bz7e', NULL, NULL, NULL, NULL, '2014-09-13 12:44:37', '2014-09-13 12:44:37'),
(19, NULL, 'quique203@hotmail.com', '$2y$10$10VlwAM9/WbspBf7OPpa6ONYoE8RuujcnTke0yLtBcgnUBnUmoQ5W', NULL, NULL, NULL, NULL, NULL, NULL, NULL, NULL, 1, NULL, '2014-09-13 17:44:57', '2014-09-15 18:54:28', '$2y$10$.0DeZap9jfLalbJaZBAmZeumvkNiA2eYI8eJS7J7E5pE.J/bIk.GO', NULL, '2014-09-13 13:43:32', '2014-09-15 14:54:28'),
(20, NULL, 'marty84@live.com.ar', '$2y$10$T1wrLziw38gN8xjhGq5sXenHUEJCHBdR3.xIF5GkGK4DPDz6aZsvi', NULL, NULL, NULL, NULL, NULL, NULL, NULL, NULL, 1, NULL, '2014-09-13 17:45:43', '2015-06-29 05:24:12', '$2y$10$1/hL4Zn0m.vzYH47l/PFAemPgMq7YuwbgEq9M9fEn4UE2ma0cM9pa', NULL, '2014-09-13 13:45:04', '2015-06-29 01:24:12'),
(21, NULL, 'ferrermarce@hotmail.com', '$2y$10$OdGVzFuZIR51O6yrhBQbg.B.uiM6yG2N0QU6yk20wqTb74s5vMq4S', NULL, NULL, NULL, NULL, NULL, NULL, NULL, NULL, 1, NULL, '2014-09-16 17:48:53', NULL, NULL, NULL, '2014-09-13 17:24:38', '2014-09-16 13:48:53'),
(22, NULL, 'frajaes@hotmail.com', '$2y$10$yDDXlDANAV2AN9a/blid2e43y0QK0QxZW8Am2QGN7m4AKnypO1Plq', NULL, NULL, NULL, NULL, NULL, NULL, NULL, NULL, 1, NULL, '2014-09-13 21:54:01', '2014-09-14 18:09:41', '$2y$10$46sSTUngpVYEFHxBfJYrcugOBFzKk3DMvwjUvjuj35A8lTgZ1Qvnm', NULL, '2014-09-13 17:36:26', '2014-09-14 14:09:41'),
(23, NULL, 'andres_silva@virasoro.com', '$2y$10$QNMgcQCMn.lpk/BflXJTQetlKxXTP2mtzLv85byRrxm.AVmRQ8QGy', NULL, NULL, NULL, NULL, NULL, NULL, NULL, NULL, NULL, 'SV1U4J0VI8cgfg2l9j9EQScj56mT2TXBgp76NvZD6L', NULL, NULL, NULL, NULL, '2014-09-13 21:35:48', '2014-09-13 21:35:48'),
(24, NULL, 'jmyaczesen@gmail.com', '$2y$10$rT0Iy66MMynaGLmt/SAx4.XsI4eK6tV35TBcDtgS9jZnjMWI55P86', NULL, NULL, NULL, NULL, NULL, NULL, NULL, NULL, 1, NULL, '2014-09-14 05:08:18', '2014-09-14 05:17:51', '$2y$10$3IImBCffQeda0GQR8tGA1.DevNt1yDvORnMbXHHdDfxuoZKoc3u7S', NULL, '2014-09-14 01:07:46', '2014-09-14 01:17:51'),
(25, NULL, 'ancarani@live.com.ar', '$2y$10$JRHwA9dRibKXnLVtf6zX2el.2W1jVHS/rbHetmeTovM1cs3.E5eOO', NULL, NULL, NULL, NULL, NULL, NULL, NULL, NULL, 1, NULL, '2014-09-14 21:53:50', '2014-09-14 21:54:12', '$2y$10$2cKrRqXyezvHhn/F7zeAo.7N32nSjv.soEc3vCyMW70CxG3VG/BHK', '61ByGU55bVh1qFDzG1lwhxDEKaFAZ2e6ceoA66GmxC', '2014-09-14 17:48:15', '2015-02-28 14:07:25'),
(26, NULL, 'perlita012@gmail.com', '$2y$10$liiWB/LHWwxPsErJyb6l.uiDxojQwqiJag.5PJ3LJmF1anePyyeFi', NULL, NULL, NULL, NULL, NULL, NULL, NULL, NULL, NULL, 'uFo1eADfKDFbSRQWknKQPXsYSkIXFa6qNquAC0aKXy', NULL, NULL, NULL, NULL, '2014-09-14 21:27:14', '2014-09-14 21:27:14'),
(27, NULL, 'alfredorotchen@hotmail.com', '$2y$10$rIdR0AA1NsD8vlYTZVd6XuCWeOMY/ZHGBAD3i2G8DYnvFvau3kEqG', NULL, NULL, NULL, NULL, NULL, NULL, NULL, NULL, 1, NULL, '2014-09-15 01:51:49', NULL, NULL, NULL, '2014-09-14 21:51:05', '2015-03-24 08:16:40'),
(28, NULL, 'hernan_314@hotmail.com', '$2y$10$vON4167oC2G3cG0cK3pUc.Cy/jroiY8zstnYhNBl5NB1bl26JXBri', NULL, NULL, NULL, NULL, NULL, NULL, NULL, NULL, 1, NULL, '2014-09-15 03:34:33', '2015-09-09 14:55:21', '$2y$10$XlXX30xggJ3JiR6pH..7Z.nv2YO0gOApj.dQckfao1Dd5kCSdlYIm', NULL, '2014-09-14 23:12:29', '2015-09-09 10:55:21'),
(29, NULL, 'pmar.09@hotmail.com', '$2y$10$Hs9PxdZmYSrqN.ZAtRJOreRXdI6pg88ZWEZ.GjtzyBREG1Mv/UaAq', NULL, NULL, NULL, NULL, NULL, NULL, NULL, NULL, 1, NULL, '2014-09-15 20:20:08', '2014-11-21 15:19:39', '$2y$10$DMndCIQLpIUwPSvYrrJVheD7ieKSU12//aG/nGomCQVOwvxowcriC', NULL, '2014-09-15 14:08:51', '2014-11-21 10:19:39'),
(30, NULL, 'angelost_tkd@hotmail.com', '$2y$10$BdHULJkLJf70ZOa/w0GHAuW6uB7Zo5r1MdG9EXbWg/.XTBzJpCbnO', NULL, NULL, NULL, NULL, NULL, NULL, NULL, NULL, NULL, 'dDtSpttdHi86ZFCM38JIOgZziposH9su3ZK1IW1EiZ', NULL, NULL, NULL, NULL, '2014-09-15 18:54:05', '2014-09-15 18:54:05'),
(31, NULL, 'rubensmichowski@live.com.ar', '$2y$10$bTeQXbRKxt2ccCTRc8.saOT5KrjAU7da7m0ms39ApNKyLan8NHcZm', NULL, NULL, NULL, NULL, NULL, NULL, NULL, NULL, 1, NULL, '2014-09-16 05:23:36', NULL, NULL, NULL, '2014-09-15 23:27:14', '2014-09-16 01:23:36'),
(32, NULL, 'Marianmilifa@hotmail.com', '$2y$10$eN76V0bFnI33.9hzdsMzO.0jkKDNzypbxA/IQ.z9SJ9VSO3QWeAsy', NULL, NULL, NULL, NULL, NULL, NULL, NULL, NULL, 1, NULL, '2014-09-16 04:15:22', '2014-11-13 01:36:43', '$2y$10$p5KIrxH60NXhEaQhBQPwZuC1wvXAfzeAp9lDLuW7.vXW3DTLSBN7G', NULL, '2014-09-16 00:07:42', '2014-11-12 20:36:43'),
(33, NULL, 'lucasvilotta@hotmail.com', '$2y$10$7COp0Jb422Y31bS3hOlT2u.FZDk2dAPv9als4wGx1CyqgCZZWY5A2', NULL, NULL, NULL, NULL, NULL, NULL, NULL, NULL, 1, NULL, '2014-09-16 16:32:40', '2014-09-16 16:32:56', '$2y$10$cyXptsqF6Pj4VKDpo9/AA.WGY7K2n5b7OZytiWWZ9MLzsRAFx4nA.', NULL, '2014-09-16 12:31:40', '2014-09-16 12:32:56'),
(34, NULL, 'romero1512@gmail.com', '$2y$10$f6PUn.kY0bDNpsXVq6j1I.QlSHBXaAsqXFyOM3ss2NdM0bhMaSl7K', NULL, NULL, NULL, NULL, NULL, NULL, NULL, NULL, 1, NULL, '2014-09-16 16:36:36', NULL, NULL, NULL, '2014-09-16 12:32:25', '2014-09-16 12:36:36'),
(35, NULL, 'sergioherreram@gmail.com', '$2y$10$c0yLo1uX/sd.m37TIaxVZeo4dQNOqUH09dhK4qJrDGXm6JuEwTnH2', NULL, NULL, NULL, NULL, NULL, NULL, NULL, NULL, 1, NULL, '2014-09-17 01:18:23', '2015-09-02 01:19:01', '$2y$10$vH2156Q4NP0zCyRKzA4B4eQDaSwcvBM1.99Kbu21tpMqa5pOw/yN.', NULL, '2014-09-16 21:11:30', '2015-09-01 21:19:01'),
(36, NULL, 'cesarlquiroz@yahoo.com.ar', '$2y$10$LCA/CN2m8iPypnU.MQUYnOyI.eMWJQ/2VSCQBbsGoEKwyBbCjksja', NULL, NULL, NULL, NULL, NULL, NULL, NULL, NULL, 1, NULL, '2014-09-17 18:11:06', '2014-10-13 06:44:44', '$2y$10$3w7L2d92pBAyuRkC0HWnKeBYaoLAW..c.YJH/iF5u2ddh7eatidJW', NULL, '2014-09-17 14:09:39', '2014-10-13 02:44:44'),
(37, NULL, 'cauchukaa@gmail.com', '$2y$10$R2r9HRLC17pC2i4TVbmnWOdADDG230L0weapuBU6DKCxMzKg/yKqK', NULL, NULL, NULL, NULL, NULL, NULL, NULL, NULL, 1, NULL, '2014-09-18 04:07:07', NULL, NULL, NULL, '2014-09-17 21:26:51', '2014-09-18 00:07:07'),
(38, NULL, 'ortmannalexandra2@gmail.com', '$2y$10$4d.rdmK68RDVIwoQb1489.rXQjDtDCUGA9rELbCNOG2JENlaqqFpS', NULL, NULL, NULL, NULL, NULL, NULL, NULL, NULL, 1, NULL, '2014-09-19 00:49:00', '2014-09-27 22:31:17', '$2y$10$zlJ7Li8bihBdcge7Z9KxZ.Uewi0MO4cEtTYYZgRWHv68RcBSL49k2', NULL, '2014-09-18 12:53:37', '2015-04-16 13:01:56'),
(39, NULL, 'yesica35machado@gmail.com', '$2y$10$3cbBvYHYly7jO0DyonXd1egPYWZJrtya5ACGAlGx9rT/EHupD/8QK', NULL, NULL, NULL, NULL, NULL, NULL, NULL, NULL, 1, NULL, '2014-09-20 02:23:33', '2014-09-26 18:32:41', '$2y$10$qJihYhyEQtzxQ6EX1KIwSetThqOKnfA3yNCjlbZ34ft0HPyinXg8S', NULL, '2014-09-19 22:17:31', '2014-09-26 14:32:41'),
(40, NULL, 'rakl_28@hotmail.com.ar', '$2y$10$Mlj2FzMdMOakSESRauf2i.T3Qf1UBUJLolQiWTShD.g4yiQ6K7Aua', NULL, NULL, NULL, NULL, NULL, NULL, NULL, NULL, NULL, 'EoLj0YSTcQdOlmP8RhNQY5lyPGKJWYf3QvBcAsTnM2', NULL, NULL, NULL, NULL, '2014-09-23 17:59:03', '2014-09-23 17:59:03'),
(41, NULL, 'leo_lezcano@hotmail.com.ar', '$2y$10$kjeBn8BfihSOkyJBgPMiguWILo4S68s4cysG2FTD4wKGbK0tNmhW.', NULL, NULL, NULL, NULL, NULL, NULL, NULL, NULL, NULL, 'k2hXHQNbuEAdhFF1pZbSFMWF7TszDcWFUavjronlSk', NULL, NULL, NULL, NULL, '2014-09-23 18:02:27', '2014-09-23 18:02:27'),
(42, NULL, 'damianvera79@yahoo.com.ar', '$2y$10$SnkVj8HeGmF6AF4XnHZDaObkGyhQWJqZJWPDyFgDV/hXfyyVdPKe6', NULL, NULL, NULL, NULL, NULL, NULL, NULL, NULL, NULL, 'cqgxtM8cfwiFuJE4FHxxXG0tKKNyEAb2ucVRZo09ZQ', NULL, NULL, NULL, NULL, '2014-09-23 18:10:34', '2014-09-23 18:10:34'),
(43, NULL, 'enjoii.cs@hotmail.com.ar', '$2y$10$RtjtzhQqeLM5DXtqoIhjgu//2KCvAR2igCTrIAjhpCuF9jUC46GBe', NULL, NULL, NULL, NULL, NULL, NULL, NULL, NULL, NULL, 'gFtqllSKJx8Z6ObqvJ7ea3PNzcwsP3Zi9vCL4mdptx', NULL, NULL, NULL, NULL, '2014-09-23 18:43:33', '2014-09-23 18:43:33'),
(44, NULL, 'chikyfarina@yahoo.com.ar', '$2y$10$mioe6Sq9/IoOl2A4eFD34OlPWG.UNASiOilxKTnIzXOp9vS3ajE9e', NULL, NULL, NULL, NULL, NULL, NULL, NULL, NULL, NULL, 'cJnKUMueOLhNXvPTtlNDi4RtUtyC6zvDH2xDpiPKXg', NULL, NULL, NULL, NULL, '2014-09-23 18:50:34', '2014-09-23 18:50:34'),
(45, NULL, 'martin-j64@hotmail.com', '$2y$10$Rkn10H/feUJFshJoIAaJ0.pVmyYWuXKiJey118pqF53Zpdjy2APTm', NULL, NULL, NULL, NULL, NULL, NULL, NULL, NULL, NULL, 'gqtIi58mogPPyHeVVNxaKVfRgUfJOKocenc65ipC3s', NULL, NULL, NULL, NULL, '2014-09-23 18:55:24', '2014-09-23 18:55:25'),
(46, NULL, 'cristinabg1@yahoo.com.ar', '$2y$10$nShpenNoIhDiLl5MwYZ8OuQiRkpHaOzlMQV/E8BiFJwl28j0QQqkS', NULL, NULL, NULL, NULL, NULL, NULL, NULL, NULL, NULL, 'YxESP0L18TfO2YhjePAym6bElDutne0Vi59cTTHzTJ', NULL, NULL, NULL, NULL, '2014-09-23 19:07:13', '2014-09-23 19:07:13'),
(47, NULL, 'intiwarmi@hotmail.com.ar', '$2y$10$nUK2ZigYLZxBsh56bXTXKOGBwTj4Q2uR37PHXTqExGiNEhLccoo3K', NULL, NULL, NULL, NULL, NULL, NULL, NULL, NULL, NULL, 'peSfsjBybyq4UBl3d5bHShLN5lYViuNLCpZSefjKsG', NULL, NULL, NULL, NULL, '2014-09-23 19:11:11', '2014-09-23 19:11:11'),
(48, NULL, 'kurthugo25@yahoo.com.ar', '$2y$10$wdWZwCnCsp8rh/vWRb.trek0Wb9UekTRFhMBRQlW3RA/Hz4eVzafS', NULL, NULL, NULL, NULL, NULL, NULL, NULL, NULL, 1, NULL, '2014-09-24 00:16:57', NULL, NULL, NULL, '2014-09-23 19:28:09', '2014-09-23 20:16:57'),
(49, NULL, 'TahiVerithos@gmail.com', '$2y$10$swZvr09yDttgYRCmAQGKh.qSkp/h4yigHWEgvVOCX4byVAFPMeAQu', NULL, NULL, NULL, NULL, NULL, NULL, NULL, NULL, NULL, 'iNy5bHbXKJVlmViwDLUuMhk79zD0btydw4ajfJVVG7', NULL, NULL, NULL, NULL, '2014-09-24 02:42:14', '2014-09-24 02:42:14'),
(50, NULL, 'maryjoa@hotmail.com.ar', '$2y$10$Rl51oaobXxdAh67Nh6kgB.kqJciaYhuTMt4OSIX3iWNmpvNt85Oxq', NULL, NULL, NULL, NULL, NULL, NULL, NULL, NULL, NULL, 'fUv0ae0i4ApZ8obWw063mgPxlzhVrVntFZPDPdBEyb', NULL, NULL, NULL, NULL, '2014-09-24 03:39:16', '2014-09-24 03:39:16'),
(51, NULL, 'luzmala_22@hotmail.com', '$2y$10$JI9S2a7sBE.PJK37h1EzoeaIDVpVsGhascr9PUlU90NBKwnqx89v2', NULL, NULL, NULL, NULL, NULL, NULL, NULL, NULL, NULL, 'PkGlgOZYEtT9fun3QeGYMKPtVxkXXJToP2IeRuj5K2', NULL, NULL, NULL, NULL, '2014-09-24 20:42:03', '2014-09-24 20:42:03'),
(52, NULL, 'delacruz.mariarosa@yahoo.com.ar', '$2y$10$WGqz0TM0.RzKAniD8sB5yOQsfPmRNUHrqRfw08jIFH775JDzTMAh6', NULL, NULL, NULL, NULL, NULL, NULL, NULL, NULL, 1, NULL, '2014-09-25 07:04:10', NULL, NULL, NULL, '2014-09-25 02:37:21', '2014-09-25 03:04:10'),
(53, NULL, 'maturanomarcosleonardo@gmail.com', '$2y$10$gSR/MH1yIQV.5wK.WDRQTukOSox4LCTQWDeI4fgkEP9YNIKXKl8XS', NULL, NULL, NULL, NULL, NULL, NULL, NULL, NULL, 1, NULL, '2014-09-25 14:35:17', '2015-03-31 00:26:18', '$2y$10$8ZXbe4YmfBhj8RAV5ssiv.5eAKBkfnF9YbvylsvMxpHk2S0qySWC.', NULL, '2014-09-25 02:42:03', '2015-03-30 20:26:18'),
(54, NULL, 'vanezza_178@hotmail.com', '$2y$10$SH.I8WpDgElE6tmoD/9sBuf8fIturXw9bOcTmNFnKHS5qu3fVy5x6', NULL, NULL, NULL, NULL, NULL, NULL, NULL, NULL, 1, NULL, '2014-09-26 00:01:44', '2015-04-07 19:05:40', '$2y$10$annLK3MSa2BBEnYpc5p36O5.74TIDGM4x9PCbO8pWuHoXoiX2oT9a', NULL, '2014-09-25 20:00:43', '2015-04-07 15:05:40'),
(55, NULL, 'sisternajorge004@gmail.com', '$2y$10$y9mUYzCI.YSul4WJuCYr/.Sftrz6Z/RFmsyEgBqJycMH7ZW4xyRQm', NULL, NULL, NULL, NULL, NULL, NULL, NULL, NULL, NULL, 'Ihu3mkWkyfFGhxalLbZvWsiyw2D2ZNRrC5rxRMfU3y', NULL, NULL, NULL, NULL, '2014-09-26 15:00:17', '2014-09-26 15:00:17'),
(56, NULL, 'anibal_1990_8@hotmail.com', '$2y$10$igwrFZJVR5kVm83FPWH0t.vOOxhmmiVcFWZwMUhggd8CRhNM7eZZS', NULL, NULL, NULL, NULL, NULL, NULL, NULL, NULL, 1, NULL, '2014-09-28 06:16:53', '2014-11-26 03:56:59', '$2y$10$qznjCt6NY.Owc9sRzhF9W.xlY6d2HZk0e6884dPmYcc1.aD/dyn9i', NULL, '2014-09-26 21:23:05', '2014-11-25 22:56:59'),
(57, NULL, 'Maxsil29786@gmail.com', '$2y$10$6VG8esT9PPcT5GM/pgOYgek24DbXBY1PH2niPNqI1u1tViDwFhs5i', NULL, NULL, NULL, NULL, NULL, NULL, NULL, NULL, 1, NULL, '2014-09-27 02:27:46', '2014-10-24 17:49:23', '$2y$10$KoZc2aU7EblmWiqQtnszIulCMT6eSFDIc7rLfAszuAvhMRgeNaVyG', NULL, '2014-09-26 21:59:02', '2014-10-24 13:49:23'),
(58, NULL, 'elianna.dc@outlook.com', '$2y$10$Jy2BwVPwKS1eyE.371p9aue7xNx.GGNZJFoWYjtEnfG65eUCV4EQ.', NULL, NULL, NULL, NULL, NULL, NULL, NULL, NULL, 1, NULL, '2014-09-27 23:21:31', '2014-09-27 23:22:35', '$2y$10$pHrjZJbbGTADrbqa3Ga1e.Zy9BhXphhN4pGZG8Hvxoby9n7u.pPQ.', NULL, '2014-09-27 19:20:27', '2014-09-27 19:22:35'),
(59, NULL, 'davidzerox22@gmail.com', '$2y$10$9PfjDpUqDIvKrTMiJESvDOnhRgrDyNPRih7wlvCnl/QPpCrn7cJJi', NULL, NULL, NULL, NULL, NULL, NULL, NULL, NULL, 1, NULL, '2014-10-01 00:29:48', '2014-10-12 13:08:24', '$2y$10$m5R4ePlpifIuvu79nxdoRuSdebTZMKOjWHgTDZkwUnOP1DuQdKG5W', NULL, '2014-09-30 20:22:57', '2014-10-12 09:08:24'),
(60, NULL, 'lorefederoff77@hotmail.com', '$2y$10$AmrdYy1oFtBVObRbwCOMF.JdIAkY8WSYld5goIkWHZqrWknhv9ERS', NULL, NULL, NULL, NULL, NULL, NULL, NULL, NULL, 1, NULL, '2014-10-01 02:22:57', NULL, NULL, NULL, '2014-09-30 22:20:28', '2014-12-02 18:13:50'),
(61, NULL, 'lucasfer123@gmail.com', '$2y$10$w.OvkpyYl9fcSl6vY/OUuuxIRzCXAAvoAw6CwXJ5lNwhMm1O9YGn.', NULL, NULL, NULL, NULL, NULL, NULL, NULL, NULL, NULL, 'tMoGoiVGUJw1GRdrLndHi6h8Ce6MGjGIKoYpuddGHy', NULL, NULL, NULL, NULL, '2014-10-01 14:48:02', '2014-10-01 14:48:02'),
(62, NULL, 'lucasfer128@gmail.com', '$2y$10$usXyHQLCzPbH6jZTuv02A.GWwGcoyEd75SSL3.zIvHXwzOKHoGE.6', NULL, NULL, NULL, NULL, NULL, NULL, NULL, NULL, NULL, 'aCGAo39pSpED37pRDIjT2GP5Zox75tMIlLNOzcszgb', NULL, NULL, NULL, NULL, '2014-10-01 14:55:13', '2014-10-01 14:55:13'),
(63, NULL, 'rocio_ben10@hotmail.com', '$2y$10$xgmibwOOz/PgSTleQL2NheDJhVkIOS6KkhCqSiymgMeGOL9V.1tD2', NULL, NULL, NULL, NULL, NULL, NULL, NULL, NULL, NULL, 'S1PWrmWLfxaT6FgrH2ah2djCVeGBev4Hsdwd9JrgFX', NULL, NULL, NULL, NULL, '2014-10-01 19:53:13', '2014-10-01 19:53:13'),
(64, NULL, 'anatatarczuk@hotmail.com', '$2y$10$Nz.8qOc8FeBBJT34ThfoB.duzG7nd9qD6K2UnR4BB8deqF5uDbe5i', NULL, NULL, NULL, NULL, NULL, NULL, NULL, NULL, NULL, 'RSYT75DugEVzl7PFpSGnNherhENJIh5339lqTbzUdU', NULL, NULL, NULL, NULL, '2014-10-02 21:21:59', '2014-10-02 21:21:59'),
(65, NULL, 'fgallardo981@gmail.com', '$2y$10$GsbWw7alGzxI/Rcn8QJYZOaW639SKeVB2p8Q6gsBKw5ZDVomr2CJG', NULL, NULL, NULL, NULL, NULL, NULL, NULL, NULL, 1, NULL, '2014-10-05 15:21:32', NULL, NULL, NULL, '2014-10-04 12:17:42', '2014-10-05 11:21:32'),
(66, NULL, 'www.letycampos_12@hotmail.com', '$2y$10$2sfiZ1cyFg9yxKuQ2/73S.s/4mD.q0xdVu.pOtqoieTN8z14b6FJO', NULL, NULL, NULL, NULL, NULL, NULL, NULL, NULL, NULL, 'KvvrUce5AkVX4DScXwc6IWESM6IBjXlnGqpAYG5cqM', NULL, NULL, NULL, NULL, '2014-10-04 12:23:05', '2014-10-04 12:23:05'),
(67, NULL, 'juanmirande_10@hotmail.com', '$2y$10$./1G9qFRHHVXpRZdE0FfzeBhWfgGw5I5o7.4zICHY2Refi2GSL7Ae', NULL, NULL, NULL, NULL, NULL, NULL, NULL, NULL, 1, NULL, '2014-10-04 17:21:38', '2014-10-04 17:21:54', '$2y$10$JYW7ARIuDf8NASrcUUY5KuO6Oq7ManSCJk.xHN8oenfsQvxrey6uG', NULL, '2014-10-04 13:20:37', '2014-10-04 13:21:54'),
(68, NULL, 'maryna_118@hotmail.com', '$2y$10$5sStoesn/3b7uSiMyKNPqO2pmcPh72aqW9PoILg5e541.GP4uukNO', NULL, NULL, NULL, NULL, NULL, NULL, NULL, NULL, NULL, 'PWTysFNEJ4vcvF17LthQ6MerekwYVcr6t6YKALssmp', NULL, NULL, NULL, NULL, '2014-10-04 13:31:45', '2014-10-04 13:31:45'),
(69, NULL, 'orlando_30@live.com.ar', '$2y$10$KRV6qtPFzZjqhPQKZkULWeSx3gHf47QbOiuHm1Qf9/CrGkAbnnwgK', NULL, NULL, NULL, NULL, NULL, NULL, NULL, NULL, 1, NULL, '2014-10-13 02:51:33', '2015-01-03 23:16:28', '$2y$10$5kXwk0hO/48Yw2yAUYMD0eOwJephhxJ5JypRXzxSojt2Jk977rorC', NULL, '2014-10-04 14:20:48', '2015-01-03 18:16:28'),
(70, NULL, 'puflinaa@hotmail.es', '$2y$10$8XekWuPmwS6T5/naSLiz2ODVHejixnMgjA95j1vj5VmeenQXwv8Da', NULL, NULL, NULL, NULL, NULL, NULL, NULL, NULL, NULL, 'u0iEHuKW5zLH0BJZGCB8wfI0LgNkh7BgCkZQZ5W3ta', NULL, NULL, NULL, 'ecJH48k73BbSHtrNEx7gg0dNzKqr8vIh6N3C0x9N4k', '2014-10-04 14:58:14', '2014-11-21 12:17:20'),
(71, NULL, 'majocristaldo@hotmail.com', '$2y$10$3yoWetCtGp8st/E..lVTFu2wCKSfKDymWwNYAmPIED7yi/w80cAjm', NULL, NULL, NULL, NULL, NULL, NULL, NULL, NULL, NULL, '8doybxNX0fIkNsmSQV0mciohlg7k0jauM5Vul8FVBE', NULL, NULL, NULL, NULL, '2014-10-04 16:36:39', '2014-10-04 16:36:39'),
(72, NULL, 'gordosilva02@hotmail.com', '$2y$10$Ivd.iItx2eqv0eLIg6fdwuGpijxGsiKGRQS653cznnzOP5iuaCIHu', NULL, NULL, NULL, NULL, NULL, NULL, NULL, NULL, NULL, 'segX6z9e1g3qtimMAvxuYXDxHAwUq544F9T222ZVEO', NULL, NULL, NULL, 'O9LPj58zDitQt1hkT2P7lim3YvQDKAyR8eFsQxHFKQ', '2014-10-04 17:37:17', '2014-10-04 17:40:18'),
(73, NULL, 'yesicabelen14@outlook.com', '$2y$10$55QA3eb6YidMEFUdOV2bI.YWMjDcGAH.cxXA7M0/05Yy4ptqhPoYi', NULL, NULL, NULL, NULL, NULL, NULL, NULL, NULL, NULL, 'ZPjFduEQzKaAViJXJNP92Nk5a1SeYFIVadMYQCc7O9', NULL, NULL, NULL, NULL, '2014-10-04 23:40:14', '2014-10-04 23:40:14'),
(74, NULL, 'lavalle2013@hotmail.com', '$2y$10$kYeFKgo1UXLZpUpqwRPtmuIUlR9j4DHvje4NqcLLajWRCvu.4d.qu', NULL, NULL, NULL, NULL, NULL, NULL, NULL, NULL, NULL, 'IRArf8OGIoxHz2HpcTYccQbFzz7CnPexMbwliiM0jl', NULL, NULL, NULL, NULL, '2014-10-05 01:20:00', '2014-10-05 01:20:00'),
(75, NULL, 'mezaglorysilvana@yahoo.com.ar', '$2y$10$/4g.QWVgI3VepZLDXu0WLexJ0n92IF3hqZudwU/qT2bBB7NBW6JZO', NULL, NULL, NULL, NULL, NULL, NULL, NULL, NULL, 1, NULL, '2014-10-07 20:14:43', '2014-10-08 15:18:39', '$2y$10$ZFkW8eQLHDpACoA5MJaQ4OYuyP3Ikj5o69gi7PQBLLhfIrDXaqu52', NULL, '2014-10-07 16:11:42', '2014-10-08 11:18:39'),
(76, NULL, 'eduarser@yahoo.com.ar', '$2y$10$fjuL8ZPCGaeu6yAvJz6a7.5WvunIn7V5xLxFjg.6QZNnfnNH6SwaW', NULL, NULL, NULL, NULL, NULL, NULL, NULL, NULL, 1, NULL, '2014-10-07 20:30:03', '2014-10-07 23:24:18', '$2y$10$doqSoXkYqxFqY4.lhdY4GOLU4lpJzCGhc8zL19qUuZD7LQvsLi89K', NULL, '2014-10-07 16:27:48', '2014-10-07 19:24:18'),
(77, NULL, 'jose_farina_078@yahoo.com', '$2y$10$eTEcwT.R3Gg/k5WB0j0HleJAsekAfIKcgb/pfvInWAWmNmVr7bhzi', NULL, NULL, NULL, NULL, NULL, NULL, NULL, NULL, NULL, 'oay5zsTv8A8GTThvF1s28lCsv5rzRoTJ4D1cPZ2deY', NULL, NULL, NULL, NULL, '2014-10-08 16:29:07', '2014-10-08 16:29:07'),
(78, NULL, 'facu10.fp@gmail.com', '$2y$10$1.qM0QMYdovUktWBXDXpZesKGhN.sXr8gK61ns351.PxcETppoCFu', NULL, NULL, NULL, NULL, NULL, NULL, NULL, NULL, 1, NULL, '2014-10-09 18:29:33', '2014-11-01 14:57:05', '$2y$10$6ZSn6K6tn6ebIcywoMypIuL11GS7pXzvyRGI7EH5WVmE.oxN13Z5a', NULL, '2014-10-09 14:23:31', '2014-11-01 10:57:05'),
(79, NULL, 'zelchuz_ce@hotmail.com', '$2y$10$mnxfzc8aPwvTbXBnZRcSE.l7oi0THrvXgELYqYVz/POhzCyzBAoGG', NULL, NULL, NULL, NULL, NULL, NULL, NULL, NULL, NULL, 'hmOecHcctLRjmMrbLtJEzjbN5dgJktuit0gjJTMs7Y', NULL, NULL, NULL, 'nNt32E9nmkYj1Jk8WwmmnT1GwjoWckyMBXg8ghBkoj', '2014-10-09 22:30:42', '2014-10-09 22:35:08'),
(80, NULL, 'ngimenez927@gmail.com', '$2y$10$7u9vl6DbwHmFLGvWBSPvmOFBSBSxRzvYaiWvlKUCGQwFJ.z5WSIr2', NULL, NULL, NULL, NULL, NULL, NULL, NULL, NULL, NULL, 'KRXHX5RSxWFLX8fcJ8WJHJWaHn2KVmdNEd7JM2EnK8', NULL, NULL, NULL, NULL, '2014-10-13 00:30:06', '2014-10-13 00:30:06'),
(81, NULL, 'julio2293@hotmail.com.ar', '$2y$10$KhEy34BARjcpzcAvMXVIWerjNPsI40h0IRXalVlR7DRD1SRsINYJC', NULL, NULL, NULL, NULL, NULL, NULL, NULL, NULL, 1, NULL, '2014-10-14 04:21:46', NULL, NULL, NULL, '2014-10-13 23:54:41', '2014-10-14 00:21:46'),
(82, NULL, 'raulinhoblanco22@gmail.com', '$2y$10$XTu0FoQVPzPBe5/H8bJQpugiE5Wp35/7vsC9QWbgL6rgtFyYrtjvu', NULL, NULL, NULL, NULL, NULL, NULL, NULL, NULL, NULL, 'uGbaCtaHrUxVgfrPr9vkNhu97smQvK3abnQahy7iWW', NULL, NULL, NULL, NULL, '2014-10-14 13:12:56', '2014-10-14 13:12:56'),
(83, NULL, 'danielzmijak@gmail.com', '$2y$10$ZDKoJuYPbmkxgbY3pbqj.eR7p6fN9x9XDWJUiwTH9uPuTcjxL0F56', NULL, NULL, NULL, NULL, NULL, NULL, NULL, NULL, 1, NULL, '2014-10-15 15:49:06', NULL, NULL, NULL, '2014-10-15 09:45:50', '2014-10-15 11:49:06'),
(84, NULL, 'rohlolinec@hotmail.com', '$2y$10$7aCEIHc6HBaj/fo0JWJUne105anq4U.reSGGP6yTz7TtR29cGFG9K', NULL, NULL, NULL, NULL, NULL, NULL, NULL, NULL, NULL, '7RTcGukuIIJJmIHjgyyU6MRDsJLPZIIy4b2DqMddxr', NULL, NULL, NULL, NULL, '2014-10-15 11:49:11', '2014-10-15 11:49:11'),
(85, NULL, 'leomasetto@gmail.com', '$2y$10$In3F1vTMUtYaJI7ExnVhhOi58OBAkFHPm3/b7NKdZrLDEIoEuoXwW', NULL, NULL, NULL, NULL, NULL, NULL, NULL, NULL, 1, NULL, '2014-10-16 00:02:02', '2014-10-16 00:20:16', '$2y$10$KGfLHzYgXr.9zy0xQa7N7uBwzNQ.26TzTgh48yo0QiMW4RJ4KQiMa', NULL, '2014-10-15 19:36:37', '2014-10-15 20:20:16'),
(86, NULL, 'jorgeomardarosa@gmail.com', '$2y$10$9VAcF79ZGspYFB82f1RHZu/ZoRu0rAPzTjEgK3SXZz2YRdLS6s2eO', NULL, NULL, NULL, NULL, NULL, NULL, NULL, NULL, NULL, 'DibeE4rSK521iGVSrQH3MkW88sSSZvCaU55fXZRoxa', NULL, NULL, NULL, NULL, '2014-10-19 15:12:30', '2014-10-19 15:12:30'),
(87, NULL, 'zusanavalenzuela@msn.com', '$2y$10$JQOST5VALPtrGpVtOr6S/uLZLPtxZgkM.wpdiexWlIcL65LMmPGZe', NULL, NULL, NULL, NULL, NULL, NULL, NULL, NULL, 1, NULL, '2014-10-21 07:36:55', NULL, NULL, NULL, '2014-10-21 03:27:57', '2014-10-21 03:36:55'),
(88, NULL, 'diianiss_93@hotmail.com', '$2y$10$7hvOzELoEHhajUSayCqcwODv7Qr3iyUtaKo7NVO/xeLQYSbBF9Qhy', NULL, NULL, NULL, NULL, NULL, NULL, NULL, NULL, 1, NULL, '2014-10-21 16:59:03', NULL, NULL, NULL, '2014-10-21 12:51:29', '2014-10-21 12:59:03'),
(89, NULL, 'rociodmarlaurentino@gmail.com', '$2y$10$.WN7Lgz7sB1UBQnvYSj5JOUTKlxW6MkdQpC71FMlQeKA1ahEizu8.', NULL, NULL, NULL, NULL, NULL, NULL, NULL, NULL, 1, NULL, '2014-10-23 21:02:20', '2014-10-31 17:39:02', '$2y$10$GCaHfp2ryk3yDVlOTf7Zse/vv/3YnYpEtcKTdSZAvZMUnDlfluwRS', NULL, '2014-10-23 16:56:47', '2014-10-31 13:39:02'),
(90, NULL, 'juanimatos1@hotmail.com', '$2y$10$Rm1ydmVBSPbLqIwpy0zuPO799eU5CydxxNK.p5TD55Yoou5KWqQQW', NULL, NULL, NULL, NULL, NULL, NULL, NULL, NULL, NULL, 'wMpcHqFQQkZVBQoeqRdQp6OtT8Smy1Ds3WxUkkrd3Y', NULL, NULL, NULL, NULL, '2014-10-27 15:48:48', '2014-10-27 15:48:48'),
(91, NULL, 'facundojeda@gmail.com', '$2y$10$YYsEq6KkssbTa59.uGnD6eFAIodPwFP1UHo0Ci.gOYbkP98.2eTAK', NULL, NULL, NULL, NULL, NULL, NULL, NULL, NULL, NULL, 'zGT5ck7xcK3NaEuProaIVocum17YWCUASMqZZNtK05', NULL, NULL, NULL, NULL, '2014-10-28 12:09:45', '2014-10-28 12:09:45'),
(92, NULL, 'rochy_a@hotmail.com', '$2y$10$JXj7YFchBZGFBT6jUVce5e2h7SaeTr/san2v2J/X9ZRSJyHjyxCLy', NULL, NULL, NULL, NULL, NULL, NULL, NULL, NULL, NULL, 'TiejIU3DJO2i4ggH7VlH6UZhEvIDiAkEit4020ASy4', NULL, NULL, NULL, NULL, '2014-10-28 14:12:40', '2014-10-28 14:12:40'),
(93, NULL, 'polyta2905@gmail.com', '$2y$10$z2ZAhD7asecL5rhs9tvjUuSorREU5RPTJU6OBSMCPoh7mUJureYhG', NULL, NULL, NULL, NULL, NULL, NULL, NULL, NULL, 1, NULL, '2014-10-29 20:47:24', NULL, NULL, NULL, '2014-10-29 16:44:34', '2014-10-29 16:47:24'),
(94, NULL, 'clar_molina72@hotmail.com', '$2y$10$3VSrUKj3RXSfQ.vZNTxKheBPGyGx4YFPzRf6c.5O1xbZknhzGN.R2', NULL, NULL, NULL, NULL, NULL, NULL, NULL, NULL, NULL, 'nkfsUtHIU7Shzs7ZBtKalq7EiH3evIKj89OthdAMTK', NULL, NULL, NULL, NULL, '2014-10-30 22:05:24', '2014-10-30 22:05:24'),
(95, NULL, 'pato07@hotmail.com.ar', '$2y$10$dzoYGMYyp44zpWAyDD7eZ.mPL4IACb4547D6dXNPKQNRzKQuUbvie', NULL, NULL, NULL, NULL, NULL, NULL, NULL, NULL, NULL, 'rhNDLZoJ05d4hyibXMhF4jqLzGP367Hmxl5GG96eDp', NULL, NULL, NULL, '3IcydVomEp7jJ6MO2ZtULGX7GnZCQ0SNwJ9gNWwQIq', '2014-10-31 03:06:14', '2014-10-31 03:07:31'),
(96, NULL, 'noemirivero567@gmail.com', '$2y$10$p7hZozFI5YllpWIiivWA/exJFDHkAIYuqWPyqLPgNJ1ZkZwll75Aa', NULL, NULL, NULL, NULL, NULL, NULL, NULL, NULL, 1, NULL, '2014-11-01 19:46:42', '2014-12-03 07:00:53', '$2y$10$Cbdm09W65TZ3yJD4jdwW5ek9V38BNxPZziPu6PtsVF.HoqVl3We3i', NULL, '2014-11-01 15:43:10', '2014-12-03 02:00:53'),
(97, NULL, 'chche04@hotmail.com', '$2y$10$xrxCLnwFbGVhb7wdDxI40ethJKdfmWxU2c8ZawmjFmJ3bTMko.sSe', NULL, NULL, NULL, NULL, NULL, NULL, NULL, NULL, 1, NULL, '2014-11-02 18:14:42', NULL, NULL, NULL, '2014-11-02 13:13:21', '2014-11-02 13:14:42'),
(98, NULL, 'colosebastiangalarza@hotmail.com', '$2y$10$ZA6X7E3le/u/76ix3EAfa.ExoDLIqfabmUB73asX2Gii5HAc3Ixe2', NULL, NULL, NULL, NULL, NULL, NULL, NULL, NULL, NULL, '9romP5zuJ4JOMyItA6RzOJYRiCYMXRh4TKbjFywRq3', NULL, NULL, NULL, NULL, '2014-11-02 18:31:49', '2014-11-02 18:31:49'),
(99, NULL, 'fabiayelen04@gmail.com', '$2y$10$qIUhaqRuMzPhzIxckv5g2.3sQh1JJdfWjIMaUi.av7sne9Ehf4rbS', NULL, NULL, NULL, NULL, NULL, NULL, NULL, NULL, NULL, 'y1y2jAw6vsrGITpsUgaRYUw3wSSLCiaXqNH6yXYBLP', NULL, NULL, NULL, NULL, '2014-11-03 18:35:10', '2014-11-03 18:35:10'),
(100, NULL, 'sandro_smq@hotmail.com', '$2y$10$LGSRIQpbcasCr1JaSdOfi.N0Y8R7iDQ6gVPQ2t1oXfXUHwCzdJWPq', NULL, NULL, NULL, NULL, NULL, NULL, NULL, NULL, NULL, 'NrxiuSajdL2NGtsLAX7rWjHzIvhXGgMnPhvZYYLKCJ', NULL, NULL, NULL, 'qKF0VwOnEKbOE69NJfEkB9ea5hR8e0Hb2prnBzMxf5', '2014-11-04 20:50:44', '2014-11-04 21:04:18'),
(101, NULL, 'blancolorena@live.com', '$2y$10$3qX31xX1xFZ/LFfUUbc/iu4Wj5/B.52twWNl2w4Q5ENs5eFRBHbXK', NULL, NULL, NULL, NULL, NULL, NULL, NULL, NULL, NULL, 'uEtRNd85fmGES0Gs820k8x2kyXnaFUWTzyx1lnMwAr', NULL, NULL, NULL, NULL, '2014-11-06 01:53:05', '2014-11-06 01:53:05'),
(102, NULL, 'pivotalwgkle+cyI@gmail.com', '$2y$10$5VldB7EJ1BPfNlFmOy3AJeogZO8NTig78plmKNpOfndgMLrZosVD2', NULL, NULL, NULL, NULL, NULL, NULL, NULL, NULL, NULL, 'eGgX4PaIcBFQSMjnf8n7us8I8rIF68iJKuWcubVsHP', NULL, NULL, NULL, NULL, '2014-11-06 12:43:33', '2014-11-06 12:43:33'),
(103, NULL, 'jmgonza71@yahoo.com.ar', '$2y$10$hj372sWxilevR4bTOupTLeg9X.YS7bixQurXPiXYGN3bRK7Jq8/Eu', NULL, NULL, NULL, NULL, NULL, NULL, NULL, NULL, 1, NULL, '2014-11-08 21:29:04', NULL, NULL, NULL, '2014-11-08 15:13:32', '2014-11-08 16:29:04'),
(104, NULL, 'grisbea47@yahoo.com.ar', '$2y$10$ArS/7std9JP/wgHCUPSma.rLme2YppZsiQtggsp41MusmJATkHRMm', NULL, NULL, NULL, NULL, NULL, NULL, NULL, NULL, 1, NULL, '2014-11-10 18:55:59', NULL, NULL, NULL, '2014-11-09 00:47:18', '2014-11-10 13:55:59'),
(105, NULL, 'verogarcia@hotmail.com.ar', '$2y$10$ORYGsr4YVNAu8ssGln4RQuex9kIKqDIH/fNvERiqRVCh1pQ.zBh9K', NULL, NULL, NULL, NULL, NULL, NULL, NULL, NULL, NULL, 'STaNoPqETHIEi3d94l9ISDoYKpI4oSRViSK2WixB66', NULL, NULL, NULL, NULL, '2014-11-10 22:30:45', '2014-11-10 22:30:45'),
(106, NULL, 'chuny_13@hotmail.com.ar', '$2y$10$aZI03as31aknZkWYZtrnquGSVffpgl7UnYGXuVjK1kLYyHycT/A7y', NULL, NULL, NULL, NULL, NULL, NULL, NULL, NULL, 1, NULL, '2014-11-11 16:54:44', '2015-05-05 22:35:23', '$2y$10$jS7mHriqq2AuJSbSWHCj2.x/zXsq6F8X8GZalqkbEF8Cleqfi3jHy', NULL, '2014-11-11 11:45:08', '2015-05-05 18:35:23'),
(107, NULL, 'yesiana64@gmai.com', '$2y$10$LXa9dmGbmGWQxRtUAWdc0e1PI2YccgOWi68Vt6Gzan5w2s337VqUu', NULL, NULL, NULL, NULL, NULL, NULL, NULL, NULL, NULL, 'O01YCbymC7wpPgQ51yvRR9Ks0QasciONfBGqahn0Kp', NULL, NULL, NULL, NULL, '2014-11-11 14:22:30', '2014-11-11 14:22:30'),
(108, NULL, 'yiyocelestino@yahoo.com', '$2y$10$v.dAto./xQGnVnsg1QCf0uZWnxDDBcWvJjyjntSBIocv9fBmeaWOW', NULL, NULL, NULL, NULL, NULL, NULL, NULL, NULL, NULL, 'rjySjj1U5NgVi2KRxJHt2sKFt3DqFDAVLaTNQpIM16', NULL, NULL, NULL, NULL, '2014-11-11 21:25:50', '2014-11-11 21:25:50'),
(109, NULL, 'drfernandobenitez@gmail.com', '$2y$10$6GGAXddgHcyQnbRgFVqxmeLFuLb1QKPB9L.ZU9iltuaNu1LRYTSPm', NULL, NULL, NULL, NULL, NULL, NULL, NULL, NULL, 1, NULL, '2014-11-12 15:02:08', NULL, NULL, NULL, '2014-11-12 09:37:41', '2014-11-12 10:02:08'),
(110, NULL, 'rulnnelwan@hotmail.com', '$2y$10$ud/sfOCoVpS/Zv1Cv.F3xe9Ui.D/fzXEkJAooC7L7inkF1S/tEpyS', NULL, NULL, NULL, NULL, NULL, NULL, NULL, NULL, 1, NULL, '2014-11-13 06:58:15', NULL, NULL, NULL, '2014-11-13 01:52:16', '2014-11-13 01:58:15'),
(111, NULL, 'refrigeracionvirasoro@gmail.com', '$2y$10$KqqGKsUpkbcw9WLUC1zyu./jrd2eB7S9mjLw47XVp28iKleNxcgqq', NULL, NULL, NULL, NULL, NULL, NULL, NULL, NULL, 1, NULL, '2014-11-13 22:38:50', '2014-11-14 13:06:06', '$2y$10$GA8yUektFrY6in5NO.LrMOdxNkeqVu11y5zRVnjdtGMKQt/SbAfpS', '9qCAXr9aqcrpUCEf2mIpT1AIbjr3sPW2uLEPYFEP4c', '2014-11-13 17:36:19', '2015-05-14 15:23:43'),
(112, NULL, 'Camila.dalcolmo@outlook.com', '$2y$10$NWRS1In0yCzV7NCBe7e4Eu8fJBE9qfLWXE84J5/2.trsknBBH.0Ha', NULL, NULL, NULL, NULL, NULL, NULL, NULL, NULL, NULL, '399RYBtDGWrZgRx58gpKppfSQQaWZM5l5qTpjcpAFr', NULL, NULL, NULL, NULL, '2014-11-13 22:28:14', '2014-11-13 22:28:14'),
(113, NULL, 'uli-a-42@hotmail.com', '$2y$10$T9EiDhyppQie82dYL3jt3OPTUzZmO2V/xQBJqTyd4mOwUrr4k1x1K', NULL, NULL, NULL, NULL, NULL, NULL, NULL, NULL, NULL, 'cq8i0YSu8omtK2RfEvinAXsUd66bBbUw3mulDwOqKG', NULL, NULL, NULL, NULL, '2014-11-14 20:44:56', '2014-11-14 20:44:56'),
(114, NULL, 'cuhnahilario08@gmail.com', '$2y$10$DCcdG3NrsaVizuLZEB/BquuqkwoRDPcEcKMYMDWiMaDmN13mpgffm', NULL, NULL, NULL, NULL, NULL, NULL, NULL, NULL, NULL, '9D9dVbePQHimqb24I4Wl4Qrjqdu4MgV5n6er0tXjW9', NULL, NULL, NULL, NULL, '2014-11-15 14:53:39', '2014-11-15 14:53:39'),
(115, NULL, 'adelamonzon3030@hotmail.com', '$2y$10$kAWhz0IwxyIvHIHryvnnV.Vh78dsKtM.LnV0nCTiPr7tC31riik6G', NULL, NULL, NULL, NULL, NULL, NULL, NULL, NULL, NULL, '8TY5N1e4RpgfYxyGIL1AaySzLqbKaezGm1duyfvNkp', NULL, NULL, NULL, NULL, '2014-11-15 18:52:17', '2014-11-15 18:52:17'),
(116, NULL, 'estebancabral48@gmail.com', '$2y$10$HI7nPvdx2E5AytFGChZX2uZjFjVso4nSPqdD57eJ5tXgy8CJYJXPK', 'esteban', 'cabral', NULL, NULL, NULL, NULL, NULL, NULL, 1, NULL, '2014-11-17 16:06:46', '2014-11-17 16:07:38', '$2y$10$Rxn/9cKdHPqtejk4ibIS1.cDhI0nc0hqmHdTFVoRj5wAF2gepxmsS', NULL, '2014-11-17 11:05:21', '2014-11-17 11:08:51'),
(117, NULL, 'yony.2004.17@gmail.com', '$2y$10$K8dnxHCt7P0lW5VvPYlkhOyv119iexb5ThzzqQPw8HtyZJ4yQLqVW', NULL, NULL, NULL, NULL, NULL, NULL, NULL, NULL, NULL, 'uGwGrt8TDnYHbDr4ZtSzfkH77FOPIpIotM2bkjNMUK', NULL, NULL, NULL, NULL, '2014-11-17 18:52:15', '2014-11-17 18:52:15'),
(118, NULL, 'lukpedrozo@hotmail.com', '$2y$10$LwwM/dCj0OUBy2DV60WNlOIwfyRGWhQx5YysCkhIxW9Sr4TXUuBLG', NULL, NULL, NULL, NULL, NULL, NULL, NULL, NULL, NULL, 'LjDOnrjqB9uMGMY36iroJKSgCq2ODwazlUxqbteb9j', NULL, NULL, NULL, NULL, '2014-11-18 13:13:17', '2014-11-18 13:13:17'),
(119, NULL, 'lucamuller@hotmail.com', '$2y$10$ebg4fMdtA9bXLo9QoQoilO/KcK4.Xel/gD7GAKh431a1e0/hg61Xi', NULL, NULL, NULL, NULL, NULL, NULL, NULL, NULL, NULL, 'OxOy779qz3O597ReBYpNPLxWHH9XshiGsxLIMVzpxx', NULL, NULL, NULL, NULL, '2014-11-18 13:18:24', '2014-11-18 13:18:24'),
(120, NULL, 'juradopedro30@hotmail.com', '$2y$10$fdG.YW2Px5UmLSKcuR/tJ.kVahOIep5DhdF2a79saHF5WRSxu5eya', NULL, NULL, NULL, NULL, NULL, NULL, NULL, NULL, NULL, 'weLSUYx6J8EJ0hl8UJdsyGF1kuFZtgSAASqWbeZp24', NULL, NULL, NULL, NULL, '2014-11-19 10:02:29', '2014-11-19 10:02:29'),
(121, NULL, 'daniela_chaihort@hotmail.com', '$2y$10$9Rg/P5LslxCjHDIYQUrRu.SseNU0thtoSi7m9UTaUQpiqpsjWJmOG', NULL, NULL, NULL, NULL, NULL, NULL, NULL, NULL, NULL, 'pxD4aBGQuAKtSi3iQIvLYOK8nVhPzV8W4qkiGgHVng', NULL, NULL, NULL, NULL, '2014-11-19 10:05:57', '2014-11-19 10:05:57'),
(122, NULL, 'casildas@hotmail.com', '$2y$10$1YdmpjHRhJ8yrzMqu8qq3OJlDGbY4/w.e4ZSCuwD9l6dUc5Dvph5a', NULL, NULL, NULL, NULL, NULL, NULL, NULL, NULL, 1, NULL, '2014-11-20 02:05:38', '2015-03-11 00:28:55', '$2y$10$ZRMGA41lBh9MPcZJZJOF9uJDTxuIz21sG7ctciWfpyUhDjvHECyBO', NULL, '2014-11-19 21:04:48', '2015-03-10 20:28:55'),
(123, NULL, 'aldy_cabrera@outlook.com', '$2y$10$diWlsqbJVRp4uzmhj/MAuewBkwu4U0JdvvSs.SBFX.kaP9sgRUCva', NULL, NULL, NULL, NULL, NULL, NULL, NULL, NULL, NULL, 'YJ8CIK9h0vRk8lRRHzwCPjRaKJIVag0TlM50S8PZ8s', NULL, NULL, NULL, NULL, '2014-11-19 21:22:42', '2014-11-23 15:19:42'),
(124, NULL, 'merolon@gmail.com', '$2y$10$X.ge6WT7jXf4Aodx7nhzvOG297.OGY9ZfsEdiiCiJy.H8VAhL.raS', NULL, NULL, NULL, NULL, NULL, NULL, NULL, NULL, NULL, '2Aq08NnAqkzbzaMHnf59yYXZZFEy3oP1MUjhcmJ8Yq', NULL, NULL, NULL, NULL, '2014-11-20 11:17:37', '2015-02-16 09:43:38'),
(125, NULL, 'yanicarb@hotmail.com', '$2y$10$KXLjA8Xt5vBX8g0h7uKeH.el0Tb6i9dBW.7StqubY3v8qf/JHOyoe', NULL, NULL, NULL, NULL, NULL, NULL, NULL, NULL, 1, NULL, '2014-11-21 16:06:24', NULL, NULL, NULL, '2014-11-21 08:19:15', '2014-11-21 11:06:24'),
(126, NULL, 'mamiso79@hotmail.com', '$2y$10$dKd/1lsfCuQI4byTvjLEZu7CMraF8mEv9/MKHleMMreLkrr86b3k2', NULL, NULL, NULL, NULL, NULL, NULL, NULL, NULL, NULL, 'tcwkY6PFBNl4nU45M205biOs6T241pKUcLjEGP3LlJ', NULL, NULL, NULL, 'VYBFTWOGJ67ou1VIRv9ERuR2mfYOmwlCV3l5cnMieD', '2014-11-21 09:18:35', '2015-01-08 23:31:15'),
(127, NULL, 'sole_enpatas@hotmail.com', '$2y$10$43GM4pApOZMLZy/WpKyetetT.qCJKgWXD48kbVT9ds4.Ejdx.Ij6K', NULL, NULL, NULL, NULL, NULL, NULL, NULL, NULL, NULL, 'RE7GwrwoS5wzOASUuDuSRmrqWjrvNvDx9jhkKK8S3q', NULL, NULL, NULL, NULL, '2014-11-21 10:17:27', '2014-11-21 10:17:27'),
(128, NULL, 'gracielazdanovich@gmail.com', '$2y$10$m0n/g9ToWQYeR/B8XQ64.e2CW5oCVKMB12j8RVFv4gVUYhAKjIMFu', NULL, NULL, NULL, NULL, NULL, NULL, NULL, NULL, NULL, 'QJPnNsv3xqYpL8IA8Ljzj4vXRXDA5dkgO7CeKaRqVC', NULL, NULL, NULL, NULL, '2014-11-21 10:18:33', '2014-11-21 10:18:33'),
(129, NULL, 'josemariacartazzo@hotmail.com', '$2y$10$Rs8xPRUCEGK7ibqQozGxauZg8wSJhzYJKOgmDItxblvr1Jj8U0m4.', NULL, NULL, NULL, NULL, NULL, NULL, NULL, NULL, NULL, 'v7Vn8wF9yDqoE3Wk9n53tA0IswpTHIS8UPuMyNf2sx', NULL, NULL, NULL, NULL, '2014-11-21 11:09:51', '2014-11-21 11:09:51'),
(130, NULL, 'festey@cableat.net', '$2y$10$UcZWO8Mt5oK8Qt14Ens0w.wr7JBc5Q0Ti21Sb8wvKU7lnl5K/vKo2', NULL, NULL, NULL, NULL, NULL, NULL, NULL, NULL, NULL, 'KQIjIjompediduHCBj0XeOKn8Y4iJ9IzIqwjjH0cgA', NULL, NULL, NULL, NULL, '2014-11-21 11:23:46', '2014-11-21 11:23:46'),
(131, NULL, 'Tobiasdf1@hotmail.com', '$2y$10$6mIhve9/7bbF00biM3Z/wu16JqBqE0wJhYWwp3IAlZhK80VvxhJU2', NULL, NULL, NULL, NULL, NULL, NULL, NULL, NULL, NULL, '90oCNIuyPsJHQJyOTopN7vUgf2TKRt8HY15C8igQFz', NULL, NULL, NULL, NULL, '2014-11-21 12:03:09', '2014-11-21 12:03:09'),
(132, NULL, 'marialaura_sou@hotmail.com', '$2y$10$tQVASxB2ULGXquU6wcSoe.9obmIADOjDwHd2ueSFzkFmQMWqmYo9a', NULL, NULL, NULL, NULL, NULL, NULL, NULL, NULL, NULL, 'CPNd5nZlKdc5rr52Cc5rnLMb8Gzzs9eitg1oS8jtPm', NULL, NULL, NULL, NULL, '2014-11-21 12:10:29', '2014-11-21 12:10:29'),
(133, NULL, 'cristi_merlo@live.com', '$2y$10$cVL0YisPiqs7DU2AcUzY/OwM.FA8kySa4IbSjY29M3qEMniBkKwkq', NULL, NULL, NULL, NULL, NULL, NULL, NULL, NULL, NULL, '9iIBjahPsjrTny5KeLhPFlLwEzXz5kIMr3QC1HZLhk', NULL, NULL, NULL, NULL, '2014-11-21 12:48:34', '2015-01-07 19:13:47'),
(134, NULL, 'jde39812@gmail.com', '$2y$10$JxY6dfmqmmA/S521m7taGuDC2bdE.6iqStSm5yOlNNzfOzI8wfP0S', NULL, NULL, NULL, NULL, NULL, NULL, NULL, NULL, NULL, '15TuZ49NDo73IIPVVLIdtvIGT8gY9Wm9yWiQj0m4zn', NULL, NULL, NULL, NULL, '2014-11-21 13:43:35', '2014-11-21 20:06:15'),
(135, NULL, 'yessi_revelde@hotmail.com', '$2y$10$lNOaWCNmvMTRPTRFPzRFqehFmyfIsRcJD0yjMRLdMcZDIn2BWs8Xm', NULL, NULL, NULL, NULL, NULL, NULL, NULL, NULL, NULL, 'JPFebToaBAjswMpjKMwXkN70SGNIIgOfnU1EsFRvPT', NULL, NULL, NULL, NULL, '2014-11-21 15:04:12', '2014-11-21 15:04:12'),
(136, NULL, 'renatatucaniche@hotmail.com', '$2y$10$E5Gt.Zfc9rTSa0lsdVHxNu/DtgMhVcVFGZSXTndtlby1EH1RDvnw6', NULL, NULL, NULL, NULL, NULL, NULL, NULL, NULL, NULL, 'cpipsgleVqAYNVpXuO0RLjEiv8OQEZcLFkt4fUweJf', NULL, NULL, NULL, NULL, '2014-11-21 15:06:10', '2014-11-21 15:06:10'),
(137, NULL, 'aidafloreslm@hotmail.com', '$2y$10$Q9qmIvfKAxYeyW9ITYjMj.aDe3cR0zXSfZHD7llZMehy2xuxYS6Sy', NULL, NULL, NULL, NULL, NULL, NULL, NULL, NULL, NULL, 'WRVlOMt9L5BtuUx2vIS4pPxCFDvrhvcBrHvgjy2elK', NULL, NULL, NULL, NULL, '2014-11-21 17:13:01', '2014-11-21 17:13:01'),
(138, NULL, 'msaguchi@live.com.ar', '$2y$10$CWNmUHySIMgWv87IzI6c8.KK8xONiPEtfqThUGtmrnFO/yIie9WXW', NULL, NULL, NULL, NULL, NULL, NULL, NULL, NULL, NULL, 'gipohBZbWEGu0s3ZcxkPwOitAcFqUpnxL3BwTmiSOb', NULL, NULL, NULL, NULL, '2014-11-21 20:01:14', '2014-11-21 20:01:14'),
(139, NULL, 'LIBERTAD13_8@hotmail.com', '$2y$10$klzY3CJ8cF6zOvP2NoQz3eIrUd9TnlQil.HEW.nyM8Oqk2OmGFTRS', NULL, NULL, NULL, NULL, NULL, NULL, NULL, NULL, NULL, 'zuvE412epHTe6GrNyEXKthAFeiitlCOMGBVJlfaDWd', NULL, NULL, NULL, NULL, '2014-11-22 14:27:41', '2014-11-22 14:27:41'),
(140, NULL, 'rocampo@hotmail.es', '$2y$10$f1X7Kk0yz4n6bQs1l1dHVOk9IWkwkBfNAKQXDuh267N/zTrVvFFCu', NULL, NULL, NULL, NULL, NULL, NULL, NULL, NULL, NULL, 'wODU24FHrztck359OTQ50UH8CXFKL1V2QK7QP5NkSr', NULL, NULL, NULL, NULL, '2014-11-22 16:55:43', '2014-11-22 16:55:43'),
(141, NULL, 'vero_vir@hotmail.com.ar', '$2y$10$4j0sbg3dVp46bRfbgtX5HOOeT7883Pxe7S7TZxRpgR8r4KoMHLvEq', NULL, NULL, NULL, NULL, NULL, NULL, NULL, NULL, 1, NULL, '2014-11-25 03:41:59', NULL, NULL, NULL, '2014-11-23 15:20:08', '2014-11-24 22:41:59'),
(142, NULL, 'lcenteno66@gmail.com', '$2y$10$j4LzrlMn9WQSDgltiT53venyqC2qzwOg2YSq6xo1lNco9KueTNymK', NULL, NULL, NULL, NULL, NULL, NULL, NULL, NULL, 1, NULL, '2014-12-01 20:02:07', '2014-12-01 20:06:28', '$2y$10$Q4FghWUZgh43GzcLI7LToumck3A2A446CuYFTUYdsnq8.6mXULFuC', NULL, '2014-11-26 13:09:08', '2015-08-10 00:11:05'),
(143, NULL, 'kary_2005as@yahoo.com.ar', '$2y$10$QjE8CAKHhuIebVXCkuUleOd/HzuR6RpZUgkdbWO24Q3tThjZsrkui', NULL, NULL, NULL, NULL, NULL, NULL, NULL, NULL, NULL, '0D83nIgYlDxlYIMNxHi9KCFbEzXFGkAFAl8qzkwVUF', NULL, NULL, NULL, NULL, '2014-11-26 18:56:07', '2014-11-26 18:56:07'),
(144, NULL, 'archie3342@hotmail.com', '$2y$10$YKnq.4gpKdFhU9xtkLPxKe2LULy73ATf.Q4SqTKMK8puVU7duMXeC', NULL, NULL, NULL, NULL, NULL, NULL, NULL, NULL, 1, NULL, '2014-11-29 15:43:31', NULL, NULL, NULL, '2014-11-29 09:03:46', '2014-11-29 10:43:31'),
(145, NULL, 'guille16ar@hotmail.com', '$2y$10$1fWZyRkKQqZ7BuCPjfEUPOY3x8O9vrIh21xIjievoKd51feyVLyYW', NULL, NULL, NULL, NULL, NULL, NULL, NULL, NULL, NULL, 'OPLGI98eljGRvUsYGm4TLkEhU2S7UK6GE2EUGnHm48', NULL, NULL, NULL, NULL, '2014-12-02 18:01:54', '2014-12-02 18:01:54'),
(146, NULL, 'ver_naty@hotmail.com', '$2y$10$8xPpUPpxf9R5gz6g4dEq4O26hckWrjmZfqOUXwJRWMg2NGfdWSn2O', NULL, NULL, NULL, NULL, NULL, NULL, NULL, NULL, NULL, 'E0hV0oxF8xDsVQjTNdnNxmYAZLTTFN2Iy19N0UixuC', NULL, NULL, NULL, '0FQOuVqtBVIuhXO9ImIWJJGZMpkOqLVjRzF57Oehm3', '2014-12-02 18:09:45', '2015-02-02 13:23:09'),
(147, NULL, 'dany_tallarico@hotmail.com', '$2y$10$H13.GtmlryaF7XgVluXtMeIrOqQWFIdtNfnAKp6SFtSqlU.0f/xQW', NULL, NULL, NULL, NULL, NULL, NULL, NULL, NULL, NULL, '43Etr1DCl00WTojIKvzaiFNfq1ZwlsHTUGSOGZurQv', NULL, NULL, NULL, NULL, '2014-12-02 19:26:42', '2014-12-02 19:26:42'),
(148, NULL, 'cristina933.cg@gmail.com', '$2y$10$/tmEbcKiAqcom8d31CzD..IVK8WQPPPONySJFd62XtyHtZY0jGzUu', NULL, NULL, NULL, NULL, NULL, NULL, NULL, NULL, NULL, 'k5w6hD5g7mt2HVdcvfBv1POoNax6Xv8bWQVbaNTlNh', NULL, NULL, NULL, NULL, '2014-12-02 19:29:07', '2014-12-02 19:29:07'),
(149, NULL, 'carballo.daniel@gmail.com', '$2y$10$tcze.t0BGH2pkDidN6oqB.b6G40L4qlL6Y8kmWfJhe5.cND02CNw2', NULL, NULL, NULL, NULL, NULL, NULL, NULL, NULL, NULL, 'ElwVo5fYLdqJzqfduQfGaoTfuZqMHM7p6H8yqOtnfW', NULL, NULL, NULL, NULL, '2014-12-02 19:59:17', '2014-12-02 19:59:17'),
(150, NULL, 'francova335@hotmail.com', '$2y$10$KHjkc0I8qtLKB1TDsxkBPOsrpx/x/8c2VgZu.WHjBi5nruUhA5Ftu', NULL, NULL, NULL, NULL, NULL, NULL, NULL, NULL, NULL, 'NUOUQsC1tkFgjfnKtIIt0Zbc7UL1M9fhNziGkpl5BK', NULL, NULL, NULL, NULL, '2014-12-02 20:06:12', '2014-12-02 20:06:12'),
(151, NULL, 'jqueupumil.jq@gmail.com', '$2y$10$uIYopLBJZjkRrX5BXkZ.HOh3.TjvU2WTGZTBK5vqvj1J0/WndxnHS', NULL, NULL, NULL, NULL, NULL, NULL, NULL, NULL, 1, NULL, '2014-12-03 03:20:08', NULL, NULL, NULL, '2014-12-02 22:14:20', '2014-12-02 22:20:08'),
(152, NULL, 'yessicamedina_92@hotmail.com', '$2y$10$T4yZY1FVFCEeQsYYBegkDO6lESMIhU.GjzkerjppKGKiWKuQ.CGbO', NULL, NULL, NULL, NULL, NULL, NULL, NULL, NULL, 1, NULL, '2014-12-03 06:25:36', NULL, NULL, NULL, '2014-12-03 01:23:33', '2014-12-03 01:25:36'),
(153, NULL, 'chikyy179@gmai.com', '$2y$10$ZvrnZs1JotuUBcXw1inlZe4W2xWr3SnpGz/Ya253bBKYN/Vczv2Ay', NULL, NULL, NULL, NULL, NULL, NULL, NULL, NULL, NULL, 'ufs7a4CZzLAGgtcrBAk18KmTB04nXPeC22QKo9xttg', NULL, NULL, NULL, NULL, '2014-12-03 06:49:26', '2014-12-03 06:49:26'),
(154, NULL, 'hugomatute@hotmail.com', '$2y$10$myG/cykmzWqBSX4bguRvDOcHCk.Xc8nalXBy4WqFPQ0cm3CQ4JETu', NULL, NULL, NULL, NULL, NULL, NULL, NULL, NULL, 1, NULL, '2014-12-05 20:34:00', '2014-12-07 15:21:19', '$2y$10$pgwPhBcgnFZkneTfIPWfZunFoorPz2ZzFbA1jKwSk55gKZxHbYFii', 'MJJgWz8cJSQmNQs00Jn6UgncOmyiy5QHHuO4p4kJbX', '2014-12-05 10:16:41', '2014-12-09 10:18:48'),
(155, NULL, 'thelastlooker@gmail.com', '$2y$10$dnQhXavPzKXnZDxVPMmqCOr25WnithmsdqYZUP6T/7vZI8yMuvLf2', NULL, NULL, NULL, NULL, NULL, NULL, NULL, NULL, 1, NULL, '2014-12-11 07:50:31', NULL, NULL, NULL, '2014-12-08 18:50:11', '2014-12-11 02:50:31'),
(156, NULL, 'pabloagustinherrera@gmail.com', '$2y$10$uJcY.p.A1sp/rNp0UMl07e2GVDdrtNIKATOj0XDgjcfnaZgfh5jCK', NULL, NULL, NULL, NULL, NULL, NULL, NULL, NULL, 1, NULL, '2014-12-10 13:19:58', '2014-12-10 13:20:17', '$2y$10$KjL7il/sVTy6EcYuPeSZZOCHvYMDoM13gM6B/JWh4Wn8jxgWVbYmm', NULL, '2014-12-09 19:27:10', '2014-12-10 08:20:17'),
(157, NULL, 'bettyna_borda@hotmail.com', '$2y$10$bm19VtHLIVX3OJlOuvUaauMWK48c8rlckfpmWs5bIt6siMrKrWp22', NULL, NULL, NULL, NULL, NULL, NULL, NULL, NULL, 1, NULL, '2014-12-14 14:17:38', NULL, NULL, NULL, '2014-12-14 08:22:44', '2014-12-14 09:17:38'),
(158, NULL, 'danielperaltaferreyra@gmail.com', '$2y$10$YxV.3DYExycLcDfLyTlffOhshj.038kGjP3vJeXS772Qg4UyNyYDC', NULL, NULL, NULL, NULL, NULL, NULL, NULL, NULL, 1, NULL, '2014-12-22 04:16:49', NULL, NULL, NULL, '2014-12-19 13:51:19', '2014-12-21 23:16:49'),
(159, NULL, 'arapimartin@hotmail.com', '$2y$10$XK7PTcdS2EEYK.Ti1OEoxefF4MXglJtqTanJP7RuO539XxwOJkTai', NULL, NULL, NULL, NULL, NULL, NULL, NULL, NULL, NULL, 'L6G8Tt0W39LLQ0GR52OI9OdzZkUJK3tk6HmepphjFb', NULL, NULL, NULL, NULL, '2014-12-20 16:49:48', '2014-12-20 16:49:48'),
(160, NULL, 'silvana_emilia@hotmail.com', '$2y$10$4joj5g5s4ZAX9It/NlyMzujBQ7rwtNstnqr7C1GIcTy00uWH8Bm0.', NULL, NULL, NULL, NULL, NULL, NULL, NULL, NULL, NULL, 'yXtukWWfg4yEDs9V9nLSrO8RxHcGiAMRpG0BhYn1x3', NULL, NULL, NULL, NULL, '2014-12-20 16:52:31', '2014-12-20 16:52:31'),
(161, NULL, 'patriciapoisn@gmail.com', '$2y$10$z50lKiQmGbDrjSVDU0uriubrBbH7v2HbFOPwIu3hBtzcUf5PwlzAe', NULL, NULL, NULL, NULL, NULL, NULL, NULL, NULL, 1, NULL, '2015-01-02 21:38:11', NULL, NULL, NULL, '2015-01-02 14:13:11', '2015-01-02 16:38:11'),
(162, NULL, 'chuquel2@gmail.com', '$2y$10$wK8kvyYCHp2qo7jctqirX.y7thWzdEpon8250e1kFfwZwldDHNJHO', NULL, NULL, NULL, NULL, NULL, NULL, NULL, NULL, NULL, 'jCnrAXueKWzCku7SqE5rPhXdkZmiFGM2kYGzPL29pu', NULL, NULL, NULL, NULL, '2015-01-03 12:50:42', '2015-01-03 12:50:42'),
(163, NULL, '1961.leoalicia@hotmail.es', '$2y$10$ZQbZS9k76MuFlv9F9YUQFexhOcD7w86ZKuN.sJJKWdU7ehKq7/S/a', NULL, NULL, NULL, NULL, NULL, NULL, NULL, NULL, NULL, 'Ud2Zytmfra37A41IGmELvPV5eM1dXFNqNb1VwawCRV', NULL, NULL, NULL, NULL, '2015-01-03 13:43:29', '2015-01-03 13:43:29'),
(164, NULL, 'urbaacosta@hotmail.com', '$2y$10$1PL12bgX3jZBmwOrYE6nrOBCx68cy7SVcl/baMzL5Of6Noho9lwe.', NULL, NULL, NULL, NULL, NULL, NULL, NULL, NULL, NULL, 'E8GJSNarVOBzJpNVo2kTwN5Of3qkv92lx0vnM83jBM', NULL, NULL, NULL, NULL, '2015-01-04 19:27:15', '2015-01-04 19:27:15'),
(165, NULL, 'josegomez1968@hotmail.es', '$2y$10$hAn7jBUtij55Ln9YZnUs4e.xGLWEgKHhbM/S/9qXitlZijJkDjR.m', NULL, NULL, NULL, NULL, NULL, NULL, NULL, NULL, 1, NULL, '2015-01-19 02:13:42', NULL, NULL, 'GZR4JQuMSHAeHdMJ8dcxmLHwN4kgouVUDvImUKquSs', '2015-01-04 20:37:55', '2015-04-08 15:38:55'),
(166, NULL, 'Elcapo.80@outlook.com', '$2y$10$TkhCo2BRoY3eWR26M4XVruv/ob1t00PCv6EAdjXOJYrmp5bNU/RfS', NULL, NULL, NULL, NULL, NULL, NULL, NULL, NULL, 1, NULL, '2015-01-05 03:50:06', '2015-01-09 14:41:27', '$2y$10$iYSz6Xtu0JHp5tsITUgPEenSjoZNPHHyhqN/2K2qcpR0XNWzJdirK', NULL, '2015-01-04 21:55:35', '2015-01-09 09:41:27'),
(167, NULL, 'noli_ta_buen@hotmail.com', '$2y$10$Buq0JgIo3ZAqKPU1TTMJBOyQnlk5ZMhKURXZO3U2X4sM6ep5MMbeS', NULL, NULL, NULL, NULL, NULL, NULL, NULL, NULL, 1, NULL, '2015-01-06 21:00:32', NULL, NULL, NULL, '2015-01-06 15:54:59', '2015-01-06 16:00:32'),
(168, NULL, 'mamiso79@hotnail.com', '$2y$10$6jtFkqF6jHno5kmEwa4PnuRl909K4OnFaM23kA/pmvZmCn.GOevru', NULL, NULL, NULL, NULL, NULL, NULL, NULL, NULL, NULL, 'IddGemghYm71vkwj73RLoORfwF2VHSIKZdaS8CM3nB', NULL, NULL, NULL, NULL, '2015-01-08 23:49:26', '2015-01-08 23:49:26'),
(169, NULL, 'radioexito105uno@hotmail.com', '$2y$10$OzmkUewtvKEPCRbeL36tluaZAYHm/X0bhzVf0LfJtlFrD83zA7GXi', NULL, NULL, NULL, NULL, NULL, NULL, NULL, NULL, NULL, 'X2Zus476CRnwMfTMXdji2zrscsPzhLnRKFaw6c0k0t', NULL, NULL, NULL, NULL, '2015-01-09 23:20:26', '2015-01-09 23:20:26'),
(170, NULL, 'vane-pedrozo@hotmail.com', '$2y$10$5g/nFfI7UBtMoPCUL713VuQ.tUIeDk72tADMQVN/fjs3aKQ49UKoy', NULL, NULL, NULL, NULL, NULL, NULL, NULL, NULL, NULL, 'q9vR2jIs2IfyYrJUoL1JqSGpEOmAU7Fb7pZD0XAQvS', NULL, NULL, NULL, NULL, '2015-01-11 15:33:31', '2015-01-11 15:33:31'),
(171, NULL, 'abr98@live.com', '$2y$10$CVl9ZCojoCXf.8CL0IWK/OM8A6BHJgy/NmgVML9rcziE6Mxl3s4ve', '', '', NULL, NULL, NULL, NULL, NULL, NULL, 1, NULL, '2015-01-11 22:21:01', '2015-01-21 19:34:20', '$2y$10$mFoidffT811pQL1mMTqXDeOY45L2uop/oETxBApqTc9xgtrXpoTLi', NULL, '2015-01-11 17:16:03', '2015-01-21 14:35:15'),
(172, NULL, 'rubenayala800@gmail.com', '$2y$10$LlXQkSupavazOOH9Ai8ONePq8Caz9X5joXqgDkhzeHt5Nahp1xKwO', NULL, NULL, NULL, NULL, NULL, NULL, NULL, NULL, 1, NULL, '2015-01-12 01:13:42', NULL, NULL, NULL, '2015-01-11 18:30:41', '2015-01-11 20:13:42'),
(173, NULL, 'fernandoartigas22@hotmail.com', '$2y$10$qYmiWHTv1oZINQnwrs0jgukrg/6MA2jczD.reUZ9Fu5.4ZjgtTLLq', NULL, NULL, NULL, NULL, NULL, NULL, NULL, NULL, NULL, '4ZEhfZmhPDuh2zoJoL7RBBkVO4uUhml1rYgGFMZUtX', NULL, NULL, NULL, NULL, '2015-01-14 15:56:16', '2015-01-14 15:56:16'),
(174, NULL, 'whitefire10@hotmail.com', '$2y$10$MOsxKn6b.JzK52eX4mDTQe6ed8qVUkqmTaWioLP2EhgJN1SXVMK9S', NULL, NULL, NULL, NULL, NULL, NULL, NULL, NULL, NULL, 'HTPyYoZ8m0sw634SvORYnTeocoufeSF6WhzJkDyKnP', NULL, NULL, NULL, NULL, '2015-01-14 22:11:09', '2015-01-14 22:11:09'),
(175, NULL, 'nahirmld@hotmail.com', '$2y$10$SIZK6WqgeYGtZ7a0dBmxheUW0r6RCnaXrXrx6jP22eoYZ7VvVFMMS', NULL, NULL, NULL, NULL, NULL, NULL, NULL, NULL, NULL, 'C6SYkFu9ivdYcJrhJAUSrieMqeOnTpYhpOiQZlPv19', NULL, NULL, NULL, NULL, '2015-01-15 16:34:20', '2015-04-29 21:14:56'),
(176, NULL, 'Rutinha.roman@gmail.com', '$2y$10$LgY/XIRWB0M4WRjLYMfYO.X1ZG7Rwrlfnpuh2NdFAlCgoAqUutaYm', NULL, NULL, NULL, NULL, NULL, NULL, NULL, NULL, 1, NULL, '2015-01-18 16:44:58', '2015-06-09 17:35:38', '$2y$10$YX8w2CPXVGOxKCj412XTIuI4G.lMOrYgbYdZ6ZFPRr5wNL7ckPnUq', NULL, '2015-01-15 19:49:09', '2015-06-09 13:35:38'),
(177, NULL, 'andrea_alfonzo1991@hotmail.com', '$2y$10$csqh2jHWKoTVomY4MUIww.oPFJO0kVrokpvqOodaJhZl26l/i8vc.', NULL, NULL, NULL, NULL, NULL, NULL, NULL, NULL, 1, NULL, '2015-01-16 12:50:18', NULL, NULL, NULL, '2015-01-16 07:49:33', '2015-01-16 07:50:18');
INSERT INTO `users` (`id`, `username`, `email`, `password`, `first_name`, `last_name`, `genero`, `fecha_nacimiento`, `telefono`, `estado`, `newsletter`, `permissions`, `activated`, `activation_code`, `activated_at`, `last_login`, `persist_code`, `reset_password_code`, `created_at`, `updated_at`) VALUES
(178, NULL, 'es.tuke@hotmail.com', '$2y$10$5KIAAHFIlKBY3xOeCuy.jepkZxihhq25re/gFqgu3IIRnJUo00vci', NULL, NULL, NULL, NULL, NULL, NULL, NULL, NULL, 1, NULL, '2015-01-24 13:39:35', NULL, NULL, NULL, '2015-01-17 18:38:00', '2015-01-24 08:39:35'),
(179, NULL, 'elvio.rios@gmail.com', '$2y$10$kGCarBHucpwC3MNoXZ4aQOXJVh92g05zy1I7Ob26inb8Q9brt8Cf.', NULL, NULL, NULL, NULL, NULL, NULL, NULL, NULL, 1, NULL, '2015-01-21 01:25:10', NULL, NULL, NULL, '2015-01-20 20:22:50', '2015-01-20 20:25:10'),
(180, NULL, 'brisas_edith@hotmail.com', '$2y$10$mFsl4Du.GtOrhFxSLFETF.Hs9b8sS1ABn5VCj9kzFI43KCXa7aWBq', NULL, NULL, NULL, NULL, NULL, NULL, NULL, NULL, NULL, 'bpQbPvVEv1CQ4uRZpckMLtB1vWqomTjnwBAUw2PuBL', NULL, NULL, NULL, 'k1nPiUgHwWJhfb2rZcdZcSkKExZEgxywT8ZQYcsZiH', '2015-01-21 18:37:19', '2015-02-06 17:44:12'),
(181, NULL, 'rafaelannz068@gmail.com', '$2y$10$LihP1cq5d8/aeN/bozSibuqMh9S5lnBF6wOrE3Sfll/PprGO3QfSW', NULL, NULL, NULL, NULL, NULL, NULL, NULL, NULL, NULL, 'y2bi4pRpOhEN4qILIxQQ9vjlnQQwdDhRvj1nMSZXR4', NULL, NULL, NULL, NULL, '2015-01-22 09:37:12', '2015-01-22 09:37:12'),
(182, NULL, 'armando.mattozo@hotmail.com', '$2y$10$LDEZA68Wh81ar82KFCMaYurh2hSvfl3l1T8BhpZ36OOAXj0.4IM8y', NULL, NULL, NULL, NULL, NULL, NULL, NULL, NULL, NULL, 'QVNak7As6h1WvJG7Ggqygcs3J0TW6plMrO7NBmS6gf', NULL, NULL, NULL, NULL, '2015-01-22 09:37:43', '2015-01-22 09:37:43'),
(183, NULL, 'vanesasegovia2010@hotmail.com', '$2y$10$QBwOYuUGFkKbnieT8i/e4e7zoa4yTPi8pezUVUTWof4MaFtnB3xge', NULL, NULL, NULL, NULL, NULL, NULL, NULL, NULL, NULL, 'FZqQaNq8DUEibklqCuCOMbnp3FIoGBbFcrhnW9MTNj', NULL, NULL, NULL, NULL, '2015-01-22 11:13:04', '2015-01-22 11:13:04'),
(184, NULL, 'crisgomezcorrea@hotmail.com', '$2y$10$hFn6/PRiB/E8rrC2sXdNOemEEmuLYSte2qh0kjitx6wbuHVpH/4aq', NULL, NULL, NULL, NULL, NULL, NULL, NULL, NULL, NULL, 'WUuF7sdRqvNCbhnIz6FG7mruHC79h6vRpWVJS6wmsd', NULL, NULL, NULL, NULL, '2015-01-22 16:38:25', '2015-01-22 16:38:25'),
(185, NULL, 'cmartinezabel@hotmail.com.ar', '$2y$10$VTAdRq1i8UTZ0f5kQl4ay.9BLVJC6RyhIstNXh3xkf2TGJjkvnL6e', NULL, NULL, NULL, NULL, NULL, NULL, NULL, NULL, NULL, 'AlmNWDVcXU4gk0oUQ1ODtt9asXTxMpqDKVxjo7Qsbb', NULL, NULL, NULL, NULL, '2015-01-23 12:15:57', '2015-01-23 12:15:57'),
(186, NULL, 'kokydeluca@hotmail.com', '$2y$10$r.eqCEAmIDvjKO6o.pFRnuDKrF9/sfethEOLsXR2gSMQP1dKcefdW', NULL, NULL, NULL, NULL, NULL, NULL, NULL, NULL, NULL, 'RHKKaeOb6cGXsWyk8wNhqAH79ACIuzUpUmabBB4riH', NULL, NULL, NULL, NULL, '2015-01-23 19:02:07', '2015-01-23 19:02:07'),
(187, NULL, 'maribel_gimenez_1972@hotmail.com', '$2y$10$AQh91MM9ApmsMbEZrADHXeSKCWHvLaAra8dmPmEOAYIYWsQzJuCzu', NULL, NULL, NULL, NULL, NULL, NULL, NULL, NULL, NULL, 'uECzJjeFBJsrw66gWWcjOMCj1gNVmc7mA9Pg5AaizG', NULL, NULL, NULL, NULL, '2015-01-26 06:24:06', '2015-01-26 06:24:06'),
(188, NULL, 'marisolcorrientes@live.com.ar', '$2y$10$sG/2ehGBbOkaV5a688o3NeQRIIj.OjTQMZ2Uy/5N8wV8DfMk8vIy6', NULL, NULL, NULL, NULL, NULL, NULL, NULL, NULL, 1, NULL, '2015-01-27 13:14:23', '2015-02-03 03:49:05', '$2y$10$wkPnPrTdulBO0LePPdSxGeS.vKKo/15tar60fIo1AnXEY867zWN7i', NULL, '2015-01-27 07:29:34', '2015-02-02 22:49:05'),
(189, NULL, 'sebas_galves@hotmail.com', '$2y$10$DgYAqEmqPyo94xBziMfRbehEpszM530mRTXW9rrVnfFdhusPIUKnm', NULL, NULL, NULL, NULL, NULL, NULL, NULL, NULL, 1, NULL, '2015-01-27 22:39:06', NULL, NULL, NULL, '2015-01-27 17:32:37', '2015-01-27 17:39:06'),
(190, NULL, 'olga.pajarin@bakermckenzie.com', '$2y$10$WEliQhlfN3lAQX2pcfnSG.zX4lhdfVoMNXJbVwp35ETXSs5Kg8mum', NULL, NULL, NULL, NULL, NULL, NULL, NULL, NULL, 1, NULL, '2015-02-02 14:19:28', NULL, NULL, NULL, '2015-01-30 13:06:24', '2015-02-02 09:19:28'),
(191, NULL, 'spedro35@gmail.com', '$2y$10$bh1D/1ULCngLktHh9o8/X.BNXXCmhzzBc6ImERRfQN4dIbaVYQm1O', NULL, NULL, NULL, NULL, NULL, NULL, NULL, NULL, 1, NULL, '2015-02-26 04:47:32', '2015-02-26 04:48:18', '$2y$10$6BqK/GwB4fE29UmQwHaAGu85njkcuSyb.isdNqBhy5wav.a/9Qbcu', NULL, '2015-01-31 10:59:18', '2015-02-25 23:48:18'),
(192, NULL, 'gonzaloo2113@hotmail.com', '$2y$10$7mNMtw0tbbDkD.BtKHCaMOPEKaxsBXfky4dhgBGBczHnv5tg3wEHm', NULL, NULL, NULL, NULL, NULL, NULL, NULL, NULL, NULL, 'ERbI3sIcdmRzOx3oUcjMgVSU8fNtY0PdSkNocLxBoA', NULL, NULL, NULL, NULL, '2015-02-02 11:33:23', '2015-02-02 11:33:23'),
(193, NULL, 'silgrafel@gmail.com', '$2y$10$CPPkNjrrHWsNXuq1v2cukOPCktERRVJIq0MGoCZVZ5FMmB5f5DdyO', NULL, NULL, NULL, NULL, NULL, NULL, NULL, NULL, 1, NULL, '2015-02-03 23:31:01', NULL, NULL, NULL, '2015-02-03 05:19:34', '2015-02-03 18:31:01'),
(194, NULL, 'carla-458@hotmail.com', '$2y$10$L00WHrtzNXBiNkHhAr5cdOMmjsxKHczOn4TjX8XPQtOSF5bStEQdO', NULL, NULL, NULL, NULL, NULL, NULL, NULL, NULL, 1, NULL, '2015-02-05 21:54:37', NULL, NULL, 'rGa296DarPw9VNn3GkBKGBMEJ5QZ5gXZrCwqEwdDyf', '2015-02-05 15:43:33', '2015-02-05 16:54:37'),
(195, NULL, 'mariazarza@gmail.com', '$2y$10$xFVEZB1RfBvY1w3/oVB.KeDnTq6y5rNaBjZLmcparRMj5Joqommze', NULL, NULL, NULL, NULL, NULL, NULL, NULL, NULL, 1, NULL, '2015-02-09 20:20:22', NULL, NULL, NULL, '2015-02-09 15:18:57', '2015-02-09 15:20:22'),
(196, NULL, 'Veracruz.mariarosa@Yahoo.com.ar', '$2y$10$ioJA7WDqe5HthXDbqi98HOJsuMgjony.0wbZAXAajzKr7T0eTM3aC', NULL, NULL, NULL, NULL, NULL, NULL, NULL, NULL, NULL, 'oXnrCwy9KeyvcuEGfMpG8gVNg2G7Oc3JBnRvRhwXf8', NULL, NULL, NULL, NULL, '2015-02-09 21:09:55', '2015-02-09 21:09:55'),
(197, NULL, 'gladys.godoy.3150@hotmail.com.ar', '$2y$10$iCiqzqhLPQDEPlELDCGVEOW/mXGuhyEXW/NHzrDVJk0/N5.Cnznea', NULL, NULL, NULL, NULL, NULL, NULL, NULL, NULL, NULL, 'Y52GlUdU4355RRutDTYLOPhI3AXMT4FA896lzNuXA4', NULL, NULL, NULL, NULL, '2015-02-12 01:52:05', '2015-02-12 01:52:05'),
(198, NULL, 'godoyh@ymail.com', '$2y$10$TrhXbAiOk49qBF2gxBrNKeHxUpeNkGCvA40NB8bnBb.lZ2Kvfr6PO', NULL, NULL, NULL, NULL, NULL, NULL, NULL, NULL, NULL, 'MH5rQVr0A5dqSOFUZW46FPMsZScny42Amajymbxh98', NULL, NULL, NULL, NULL, '2015-02-15 12:15:31', '2015-02-15 12:15:31'),
(199, NULL, 'varelanoee21@hotmail.com', '$2y$10$puRMIw7OzSWaFbTcTffUl.u5.woOuBx31sMaeEfMCQz0/y2tNW/pG', NULL, NULL, NULL, NULL, NULL, NULL, NULL, NULL, NULL, '231bbPI8XxUpZ0qCHH9WFrLXpF71US4GHN5kL2BTuR', NULL, NULL, NULL, NULL, '2015-02-16 14:44:25', '2015-02-16 14:44:25'),
(200, NULL, 'nahiara88@hotmail.com', '$2y$10$ho9rmxI0MpyuRR7TK.t9Y.doaqNXlAliMBuUPWfpKOIIYtA4tvhwO', NULL, NULL, NULL, NULL, NULL, NULL, NULL, NULL, NULL, 'dFhYtbHg6YPAQvjJVxewfSLY5SKaD24QHWe6uJaeEL', NULL, NULL, NULL, NULL, '2015-02-16 20:39:33', '2015-02-16 20:39:33'),
(201, NULL, 'krampitz41@live.com', '$2y$10$WHR..0MZf6h2MRDbAmps3.Ok.F9Uqc/jVY0l9CdjOfnKaRAJt4N2q', NULL, NULL, NULL, NULL, NULL, NULL, NULL, NULL, 1, NULL, '2015-02-23 13:47:46', NULL, NULL, NULL, '2015-02-23 04:15:11', '2015-02-23 08:47:46'),
(202, NULL, 'n_adri@hotmail.com', '$2y$10$3l.q5AjVeSWbSBwVnt6eG.0Eo2ghe7KardwVcRhJ21OVJAQJSopHi', NULL, NULL, NULL, NULL, NULL, NULL, NULL, NULL, 1, NULL, '2015-02-23 18:19:15', NULL, NULL, NULL, '2015-02-23 11:59:53', '2015-02-23 13:19:15'),
(203, NULL, 'verochechocechetto@hotmail.com', '$2y$10$nN2h1NevlzVZKkIOTbsCV.yVwllXbPNKdbiEANFMgaP7yNJWxg4oG', NULL, NULL, NULL, NULL, NULL, NULL, NULL, NULL, NULL, 'OSIHYMQpA0esdpsd9UCjhoI8bIaPQvEiPyENunDv5B', NULL, NULL, NULL, NULL, '2015-02-24 12:51:14', '2015-02-24 12:51:14'),
(204, NULL, 'paholas_202@hotmail.com', '$2y$10$rg5xs1Z6ZHwU2qfaM9wEjuRtIjjhO3ufzZMratLCgDH4mMXUqcVtq', NULL, NULL, NULL, NULL, NULL, NULL, NULL, NULL, 1, NULL, '2015-02-25 17:59:23', NULL, NULL, NULL, '2015-02-25 11:24:21', '2015-02-25 12:59:23'),
(205, NULL, 'josefina_benitez@hotmail.com', '$2y$10$MlqndsWP6kmth4TtyHiBBOYTARCug1WV0vICgQP70Asw9RXrNQrKu', NULL, NULL, NULL, NULL, NULL, NULL, NULL, NULL, NULL, 'zmo2SlbBs0OkKxRV1XI8pM2VOCIhAqTsT4YLVqUDxQ', NULL, NULL, NULL, NULL, '2015-02-27 16:26:41', '2015-02-27 16:26:41'),
(206, NULL, 'ch.ouki.n.gho.ngisme@gmail.com', '$2y$10$MKWN2cKr.vlHSTl4J12or.81ftKDU3FjZ8sfyhFlk2D0.5vB90com', NULL, NULL, NULL, NULL, NULL, NULL, NULL, NULL, 1, NULL, '2015-03-02 14:50:12', NULL, NULL, NULL, '2015-03-02 09:49:13', '2015-03-02 09:50:12'),
(207, NULL, 'eric.husulak5@gmail.com', '$2y$10$PYp2Ff2AiFrNou4GKXmVgehNnr7nKI9tjnxA.pN5nUeujsE40Bqhu', NULL, NULL, NULL, NULL, NULL, NULL, NULL, NULL, 1, NULL, '2015-03-06 04:37:38', '2015-03-06 04:38:49', '$2y$10$IjsqTskHKk35vYC9GF9Yy.U5FWXXIDpSg5yX4yNz./GjDLsS5h7sy', NULL, '2015-03-05 23:37:12', '2015-03-05 23:38:49'),
(208, NULL, 'marcelofabian1917@gmail.com', '$2y$10$wbR37g8Ost8TqmFNRVG1dOwKy4Bpzu2emvDDOPmTFbqQRN7INOXDC', NULL, NULL, NULL, NULL, NULL, NULL, NULL, NULL, 1, NULL, '2015-03-06 18:36:22', NULL, NULL, NULL, '2015-03-06 13:35:21', '2015-03-06 13:36:22'),
(209, NULL, 'guardini@hotmail.com.ar', '$2y$10$EncyhIqLJfM4dg8mzWz1wONP.FbrCO.lkVGuEuzCZ6teyAVWchjeS', NULL, NULL, NULL, NULL, NULL, NULL, NULL, NULL, 1, NULL, '2015-03-12 19:28:43', NULL, NULL, NULL, '2015-03-12 13:41:55', '2015-03-12 15:28:43'),
(210, NULL, 'micaelameza.1995@gmail.com.ar', '$2y$10$MNIhmGu1vlriwoZ7Z0h4tu6mGvjwsrhcAHoYorxsjE/m2nds1qlsu', NULL, NULL, NULL, NULL, NULL, NULL, NULL, NULL, NULL, 'qISM4qb5g6coTV6boKK3aUv06yVzZFY9PucgXWuDjb', NULL, NULL, NULL, NULL, '2015-03-12 14:27:39', '2015-03-12 14:27:39'),
(211, NULL, 'n_anibal@hotmail.com.ar', '$2y$10$ZiWtLpTj0opxQkAx/97XQu933yc1NKkf6xu6TnLk1otxMZhqqIPCu', NULL, NULL, NULL, NULL, NULL, NULL, NULL, NULL, NULL, '4MhW30RbcvMR02tp0DwL2ydyiwlduHusoRmQPDaxGX', NULL, NULL, NULL, NULL, '2015-03-18 14:11:31', '2015-03-18 14:11:31'),
(212, NULL, 'fabianalua2014@gmail.com', '$2y$10$f6VUGtZ2xpmGwrwBhrpObe6X/Ai8snVFrUD2q6N8LeeFDMS4QT726', NULL, NULL, NULL, NULL, NULL, NULL, NULL, NULL, NULL, 'NC9jOfpAapAth7QVH9JhDGlJmAGura4ILTVV4vzeGM', NULL, NULL, NULL, NULL, '2015-03-20 14:31:52', '2015-03-20 14:31:52'),
(213, NULL, 'juliocesar826@hotmail.com', '$2y$10$jvMC4xz8LEPjO0k/0ofVuuRhDZ4hJFkC6rsXsANuVxW1X68kCvL06', NULL, NULL, NULL, NULL, NULL, NULL, NULL, NULL, NULL, 'KzsgzTHBHh7pLths9pJVW5yDTyhJlWreMs9lQujjhL', NULL, NULL, NULL, NULL, '2015-03-23 16:55:01', '2015-03-23 16:55:01'),
(214, NULL, 'gushe1446@gmail.com', '$2y$10$EcNdrvG2dcbMH2P4e2t0OOY69cJhhHhxOE.VdIyRwR/m5Ue/Y/Zpi', NULL, NULL, NULL, NULL, NULL, NULL, NULL, NULL, 1, NULL, '2015-03-24 00:54:19', NULL, NULL, NULL, '2015-03-23 20:40:38', '2015-03-23 20:54:19'),
(215, NULL, 'mario_19701416@hotmail.com', '$2y$10$wUiQzO4XXMym5GMsypfMFuUiMlQ6Qqdy7f6M3l3Dkv1A53z0vSHEi', NULL, NULL, NULL, NULL, NULL, NULL, NULL, NULL, 1, NULL, '2015-03-29 01:10:33', NULL, NULL, NULL, '2015-03-28 20:48:59', '2015-03-28 21:10:33'),
(216, NULL, 'gsebas1104@hotmail.com', '$2y$10$S/bUoVFWPvTn2tUzhabyKe/FdtE9DYJhdQgtAfUzug0NIynd/.Txa', NULL, NULL, NULL, NULL, NULL, NULL, NULL, NULL, 1, NULL, '2015-03-30 01:12:17', '2015-03-30 01:13:38', '$2y$10$CkmTjtQTFXBkCm.zuFwqoOw4mqiDzH/6Rpr0l.WeqfZHRwZyAiRYS', NULL, '2015-03-29 20:35:19', '2015-03-29 21:13:38'),
(217, NULL, 'loreifassa@gmail.com', '$2y$10$VmJ/SJR/r0n3FV1kvtK2CurfQBxHllo7ciCeUH.maaj34aRMCDtSq', 'Lorena', 'Fassa', NULL, NULL, NULL, NULL, NULL, NULL, 1, NULL, '2015-03-31 13:24:26', '2015-03-31 13:26:56', '$2y$10$3dVsKo/D6YeoCDDD7kC6AuUcBNctv5NTa/YUfukBqqRgIe7w1FcqW', NULL, '2015-03-31 09:23:46', '2015-03-31 09:26:56'),
(218, NULL, 'Adrianahaydeeg@gmail.com', '$2y$10$wKA2SmLSNmiR0YzU1N4w/uycZ0JdwPSOcpnsanbvQ.AS2h4XObwNq', NULL, NULL, NULL, NULL, NULL, NULL, NULL, NULL, 1, NULL, '2015-03-31 18:45:47', '2015-03-31 18:55:56', '$2y$10$kOH86JVl0XDxiu0LAPjwvuH/TgU.vk5al3/StVhfQTX2rpcaqvu9y', NULL, '2015-03-31 14:05:41', '2015-03-31 14:55:56'),
(219, NULL, 'veronnatalia@hotmail.com.ar', '$2y$10$PnGvVJ6lK6H2MoeHu0d1mOiLpH/GdpBxnL0zmTUg9CV41Hu32EVaS', NULL, NULL, NULL, NULL, NULL, NULL, NULL, NULL, NULL, '8va3CJ3rSW30z4cQUGN9yKeyGdNSj8zupDwe954Ioe', NULL, NULL, NULL, NULL, '2015-04-04 07:32:04', '2015-04-04 07:32:04'),
(220, NULL, 'linternorthaw@hotmail.com', '$2y$10$5Qg8OkGX2co115jZK5ESWuJ6XMw6o1WxW2rwZ/qH7aZKbm4wJV1u2', NULL, NULL, NULL, NULL, NULL, NULL, NULL, NULL, 1, NULL, '2015-04-10 05:08:17', NULL, NULL, NULL, '2015-04-10 01:03:23', '2015-04-10 01:08:17'),
(221, NULL, 'bellywrickpre@hotmail.com', '$2y$10$tf7ehBrSHyz1HuWg5Iex5.Qj.ifTn.imZgxrUNZLVxHD0tQeSNWf2', NULL, NULL, NULL, NULL, NULL, NULL, NULL, NULL, 1, NULL, '2015-04-12 07:01:40', NULL, NULL, NULL, '2015-04-12 02:57:03', '2015-04-12 03:01:40'),
(222, NULL, 'roundmorionbio@hotmail.com', '$2y$10$MWHjR66mFsd.vmZ.uiCU8Oy4VA9jKyl0YIrGb0CZZCVZisJ3gXge2', NULL, NULL, NULL, NULL, NULL, NULL, NULL, NULL, 1, NULL, '2015-04-12 17:16:49', NULL, NULL, NULL, '2015-04-12 13:11:37', '2015-04-12 13:16:49'),
(223, NULL, 'Martin1996ok@gmail.com', '$2y$10$TgoO9z.VfK.193licA7QxuPv3ZGBiFh6fk8OEXCFc9Qq9MOjXKKrq', NULL, NULL, NULL, NULL, NULL, NULL, NULL, NULL, NULL, 'yDFZssFRMv62d4MJJ5exlixRhwi5dy0fpQfEvF1Cyy', NULL, NULL, NULL, NULL, '2015-04-13 08:39:50', '2015-04-13 08:39:50'),
(224, NULL, 'gutys_ferre@live.com.ar', '$2y$10$3UIMaDFE06oOYmbNhIgQcu0Gt0Wjb6ck46g7EVHWxPJA0PBzwt6iG', NULL, NULL, NULL, NULL, NULL, NULL, NULL, NULL, 1, NULL, '2015-04-13 15:08:36', NULL, NULL, NULL, '2015-04-13 09:57:40', '2015-04-13 11:08:36'),
(225, NULL, 'sergio260205@outlook.es', '$2y$10$8BgGk4TEPOdF/soxS2/xs.BRtHkpXdINdkD7JaZROy6dojlh.5PzW', NULL, NULL, NULL, NULL, NULL, NULL, NULL, NULL, NULL, 'h7vUNrXFCg8A0agMCLD9Tvxgn3fenjY3e5Xz9mnjiW', NULL, NULL, NULL, NULL, '2015-04-13 15:09:00', '2015-04-13 15:09:00'),
(226, NULL, 'santyariel03@gmail.com', '$2y$10$gBtLomJyU2UoqAraL5sG6eZyhdlOYfG.QWVAEWnc2nr/2ykQxH8VW', NULL, NULL, NULL, NULL, NULL, NULL, NULL, NULL, NULL, '0jPR8sQeSoxvjDT0zBX5Op1zKSb3mG9mloCkoPKg9t', NULL, NULL, NULL, NULL, '2015-04-14 20:58:48', '2015-04-14 20:58:48'),
(227, NULL, 'rossanaveron1@hotmail.com', '$2y$10$YSlHAmQn/IxSwHNjsUXTueSbCMgU9m6Rrh2yuNBVLyUtkmZiKzTea', NULL, NULL, NULL, NULL, NULL, NULL, NULL, NULL, NULL, 'AyowBANdvApQnea9JkLEv5Lsq2xifRsFQXJkZYz3wD', NULL, NULL, NULL, NULL, '2015-04-16 15:41:45', '2015-04-16 15:41:45'),
(228, NULL, 'oscar.angel66@hotmail.com', '$2y$10$IUrwphjkrM3Jv5brejB41.pzVd63Kuu7y8DdgufChAKLDxvdIox.K', NULL, NULL, NULL, NULL, NULL, NULL, NULL, NULL, 1, NULL, '2015-04-20 21:26:41', NULL, NULL, NULL, '2015-04-19 15:40:41', '2015-04-20 17:26:41'),
(229, NULL, 'alejandra.costa@hotmail.com', '$2y$10$srEnqfrsiznrUWDdZcDQpe4d4GmwaQoyFQ8VZ1bzy/FjYERWUbS5q', NULL, NULL, NULL, NULL, NULL, NULL, NULL, NULL, 1, NULL, '2015-04-20 11:32:55', '2015-04-20 11:33:13', '$2y$10$2PxaGJngxG.DIqSpz4pn4usRjGJX5pVLmqoEcO.OWDwGLXEwze8cq', NULL, '2015-04-20 07:31:54', '2015-04-20 07:33:13'),
(230, NULL, 'rharo-32@hotmail.com', '$2y$10$Vg4nXf6ubjSevgo.YgR51..vThV00DSqj4OOMQjpoRj1H0.2SBR3q', NULL, NULL, NULL, NULL, NULL, NULL, NULL, NULL, 1, NULL, '2015-06-18 23:27:45', NULL, NULL, NULL, '2015-04-20 13:46:07', '2015-06-18 19:27:45'),
(231, NULL, 'dossantossusana186@gmail.com', '$2y$10$8tKAVyK/OcquE.3x2QzkjOtcv3Vhq0PkIgeNsO0VkyCn6NEtVm1JW', NULL, NULL, NULL, NULL, NULL, NULL, NULL, NULL, 1, NULL, '2015-04-25 14:31:41', '2015-06-29 14:17:18', '$2y$10$CcRqcuC4jsJpM/AGzKcjGOFYUl5EmZ1zQL.fRXTVQMM4fPKM5aYVe', NULL, '2015-04-25 08:43:37', '2015-06-29 10:17:18'),
(232, NULL, 'recepcion@tapebicua.com.ar', '$2y$10$TSOrXqLshHR/0fd6p9seguqr/nbwkmn.8smBy0t374tsYu/6Dq.cq', NULL, NULL, NULL, NULL, NULL, NULL, NULL, NULL, 1, NULL, '2015-04-27 12:29:37', NULL, NULL, NULL, '2015-04-27 08:29:13', '2015-04-27 08:29:37'),
(233, NULL, 'quiesmets@mail.ru', '$2y$10$msqZC/gXvPK.jMA427QHpOoCzzaLcL7BPnwHkCw5Rx4XKajep7uH2', NULL, NULL, NULL, NULL, NULL, NULL, NULL, NULL, 1, NULL, '2015-05-02 06:47:33', NULL, NULL, NULL, '2015-05-02 02:44:26', '2015-05-02 02:47:33'),
(234, NULL, 'michaelpts@mail.ru', '$2y$10$H7SMfjdyyyO9DIHyctc.1uAxt71KBNhgpxBMw5AVfEifuPuLWUPFa', NULL, NULL, NULL, NULL, NULL, NULL, NULL, NULL, 1, NULL, '2015-05-07 17:15:52', NULL, NULL, NULL, '2015-05-07 13:07:39', '2015-05-07 13:15:52'),
(235, NULL, 'gracielamariacente@hotmail.com', '$2y$10$4BIijXXgCbLWbANyrFQBYeLRbcjLB.mo3DFIhzMWWwNMEro9Zjo7W', NULL, NULL, NULL, NULL, NULL, NULL, NULL, NULL, NULL, 'FA0BuKsS1fozp82tIlzBzhoTKGHLTx93ksiqI9GiQ6', NULL, NULL, NULL, NULL, '2015-05-08 00:10:41', '2015-05-08 00:10:41'),
(236, NULL, 'mariacar042004@hotmail.com', '$2y$10$g.m2MmSsAtYqWgk7N9mZ9eDJ67uFlbVo6BWIyrMTvC6tGmrZPt1Pu', NULL, NULL, NULL, NULL, NULL, NULL, NULL, NULL, NULL, 'pqD12RlG48u7MISS4ZWsAQCYnqgE1xkVKQWa40S2jM', NULL, NULL, NULL, NULL, '2015-05-16 10:47:54', '2015-05-16 10:47:54'),
(237, NULL, 'reservalarumbe@gmail.com', '$2y$10$q3Zky/zTYBpz0Y6Y3I.Z3eXTg0d157l9YNDpHavg4DAgsHLheIsby', NULL, NULL, NULL, NULL, NULL, NULL, NULL, NULL, NULL, 'mic9odQaMZJASXYahFQhW2uaBwc0yFxbuGhaFfqoyF', NULL, NULL, NULL, NULL, '2015-05-20 10:28:43', '2015-05-20 10:28:43'),
(238, NULL, 'sonyfranco13@gmail.com', '$2y$10$E53c76k/Hsh1LYaeVQ4gDuE/ORr77sjac2Gj7CVEM7qdU/YPSNapm', NULL, NULL, NULL, NULL, NULL, NULL, NULL, NULL, 1, NULL, '2015-05-20 15:37:02', NULL, NULL, NULL, '2015-05-20 11:01:50', '2015-05-20 11:37:02'),
(239, NULL, 'virginiaclaricelayala@gmail.com', '$2y$10$JepDOKPvo3nsiYZtzPD7AOtKuFbB5dUayBihqFOd/ywpGaKcKGxrC', NULL, NULL, NULL, NULL, NULL, NULL, NULL, NULL, 1, NULL, '2015-05-26 04:31:51', '2015-05-26 04:32:43', '$2y$10$UPHn0X.M/oA3B0Z6YSFaSuxgZECHVavqY.gtIM0SYyAcJ58LkrpXW', NULL, '2015-05-26 00:25:05', '2015-05-26 00:32:43'),
(240, NULL, 'marcio233@hotmail.com.ar', '$2y$10$JgsFH6Ao1gFMdhK1RF6BHOOCx1r8fOh.cs2OCMm8.fZTEyZA8mtuS', NULL, NULL, NULL, NULL, NULL, NULL, NULL, NULL, NULL, '8cWPFoe2d2Ph0eDs7g1xfx8W2FMpKyavS6FzCqh4hT', NULL, NULL, NULL, NULL, '2015-05-26 20:59:17', '2015-05-26 20:59:17'),
(241, NULL, 'gisellathebest09@hotmail.com', '$2y$10$osJDRw86gfa6HANcXnnmw.etfdmLDVnvoBd6pGVtBVDB0uFFt/SpG', NULL, NULL, NULL, NULL, NULL, NULL, NULL, NULL, NULL, 'ZYtVvWzufuXLvPR3UVZYmyfqAiaed3MuyCISJ5PoMD', NULL, NULL, NULL, NULL, '2015-05-29 08:43:07', '2015-05-29 08:43:07'),
(242, NULL, 'rosario_gonzalez1@yahoo.com', '$2y$10$a/qBxgKtD8I2/Q1cdrACvOM.daUbt2ShpCUdG664n.pDDshc1L7ei', NULL, NULL, NULL, NULL, NULL, NULL, NULL, NULL, 1, NULL, '2015-05-29 17:13:50', NULL, NULL, NULL, '2015-05-29 13:00:21', '2015-05-29 13:13:50'),
(243, NULL, 'Juanjosejuc@hotmail.com', '$2y$10$mknLtZCyOSt83mWxQAdO0e1q8Ik3uLn5yefTeBGPmqNEpn7Q6c6Zy', NULL, NULL, NULL, NULL, NULL, NULL, NULL, NULL, NULL, 'vqnkX9R9OUnrpNUDwqpj2RB1TdXcr9k3sq0U5aoxW8', NULL, NULL, NULL, NULL, '2015-06-02 06:54:08', '2015-06-02 06:54:08'),
(244, NULL, 'julianascue@hotmail.com', '$2y$10$9bM5OWY6Ws0GVTRqds5SHevHEjMy3iDtMqiBCY36RdpssRB4iZbl.', NULL, NULL, NULL, NULL, NULL, NULL, NULL, NULL, 1, NULL, '2015-06-02 17:33:42', NULL, NULL, NULL, '2015-06-02 13:32:36', '2015-06-02 13:33:42'),
(245, NULL, 'latino-19@windowslive.com', '$2y$10$4qzCXs/zMf.NPSC/cfLTK.AF3Ug4hRd2ml52RjKeKr/ND0NcVtx0K', NULL, NULL, NULL, NULL, NULL, NULL, NULL, NULL, 1, NULL, '2015-06-04 03:46:32', NULL, NULL, NULL, '2015-06-03 23:16:08', '2015-06-03 23:46:32'),
(246, NULL, 'mundoblanco2012@hotmail.com.ar', '$2y$10$SqdgjaY674V7gMav4G1MjOoLAPsKjMwKEiNK0QW8pfa7n5T6JQtwy', NULL, NULL, NULL, NULL, NULL, NULL, NULL, NULL, NULL, 'Si2E8LoT71IBxFD09jlBdpzlvA8Be4lBYOB2aFvo1P', NULL, NULL, NULL, NULL, '2015-06-05 20:04:45', '2015-06-05 20:04:45'),
(247, NULL, 'mousecreeper@gmail.com', '$2y$10$HGDTStfbv3T4q03MVdWr4.2lakTTkRzkPPFbGwuzuNZxEbx3MLFcq', NULL, NULL, NULL, NULL, NULL, NULL, NULL, NULL, NULL, 'EaHGK9NWH2FvYJ1nVdyzEbz3f770D2J5lmZ0YwKSmh', NULL, NULL, NULL, NULL, '2015-06-05 20:52:55', '2015-06-05 20:52:55'),
(248, NULL, 'cmariela077@gmail.com', '$2y$10$Ku25ZhXF0ocuWwEi1qXokOIKl7oraVON6shl6jdjl498qncr5OFSG', NULL, NULL, NULL, NULL, NULL, NULL, NULL, NULL, NULL, 'hcW0dZLVbeAJiBmjApmQFsl3QN2kxlOvqemWMrtA2g', NULL, NULL, NULL, NULL, '2015-06-06 00:41:09', '2015-06-06 00:41:09'),
(249, NULL, 'guillermomabenitez@hotmail.com', '$2y$10$VxY9O0wiqdBeiiMFXp38Pe4Z9srMRzz2VhBBFw0VlntLkPh2L1kCu', NULL, NULL, NULL, NULL, NULL, NULL, NULL, NULL, 1, NULL, '2015-06-07 13:57:29', NULL, NULL, NULL, '2015-06-07 09:46:20', '2015-06-07 09:57:29'),
(250, NULL, 'hhsprenger@cableat.net', '$2y$10$Hc2DR5NXUN.TUGyiq3Y5aOP7dWQHKWZY9Nbx4ZEbQObyC/8Eh1ELS', NULL, NULL, NULL, NULL, NULL, NULL, NULL, NULL, NULL, 'Ya9pIBwVOqtso0JGNKFxVhaWs5NbbNHGm58R87yoW5', NULL, NULL, NULL, NULL, '2015-06-07 11:31:50', '2015-06-07 11:31:50'),
(251, NULL, 'flor.vo06@gmail.com', '$2y$10$vucpRJj.NmzPBlklZ9/6VeBNYWCJPvj4hySSZ6yfwkaqcFQEsq1Te', NULL, NULL, NULL, NULL, NULL, NULL, NULL, NULL, 1, NULL, '2015-06-07 16:07:37', NULL, NULL, NULL, '2015-06-07 12:06:41', '2015-06-07 12:07:37'),
(252, NULL, 'rhominavane@gmail.com', '$2y$10$MQsNG/NAF6uENRJc0npUEOrJtdM49ZV/31irmWLWwZj1yqGnaGNx.', NULL, NULL, NULL, NULL, NULL, NULL, NULL, NULL, 1, NULL, '2015-06-07 18:49:59', NULL, NULL, NULL, '2015-06-07 14:48:18', '2015-06-07 14:49:59'),
(253, NULL, 'andrea_azame@hotmail.com', '$2y$10$P1n0gkePpJC8Nb3VrT3yxe.gW0uhq0RWVr2WzyD5hAedb57aQCghq', NULL, NULL, NULL, NULL, NULL, NULL, NULL, NULL, NULL, '1nj2KjSCl513s1HQn7U8RSQclB0s4TkrHUuTY3NKj3', NULL, NULL, NULL, NULL, '2015-06-08 04:34:32', '2015-06-08 04:34:32'),
(254, NULL, '800spartancex@mail.ru', '$2y$10$IHOH2sOIxP3BhBEiqMKoEOgRnuxpfnIqk.F9NODNGnEElYbKUEN1K', NULL, NULL, NULL, NULL, NULL, NULL, NULL, NULL, NULL, 'hoYB8iTjb4VOOm1jUvAxK3XidtAJVuibPDCGO7uHjn', NULL, NULL, NULL, NULL, '2015-06-08 16:18:26', '2015-06-08 16:18:26'),
(255, NULL, 'egb.365@hotmail.com', '$2y$10$8KEuCxzbvYkwY8TDwqhfNevdISk7FYkSq4VOacWMJS0Xr.lyR1aOK', NULL, NULL, NULL, NULL, NULL, NULL, NULL, NULL, 1, NULL, '2015-06-09 14:48:51', '2015-06-09 14:49:39', '$2y$10$W2JlJWQPL91Jl0Y8OM6bD.T2isA5fuF4lgFjiP46w0cQt0RILuWH.', NULL, '2015-06-09 10:39:21', '2015-06-09 10:49:39'),
(256, NULL, 'tanno.chamorro@gmail.com', '$2y$10$wiJRoea5smIh8P8sDVeSRO5u6Us43PtGdV3ZFvegGo5Twsmi6Jt56', NULL, NULL, NULL, NULL, NULL, NULL, NULL, NULL, 1, NULL, '2015-06-11 12:44:49', '2015-06-11 12:50:28', '$2y$10$IRaq7yHnmKCFj/AaFf7G.OVdeHmatccDtPwjNwtg7FxVWZm/FV3D2', NULL, '2015-06-11 08:44:24', '2015-06-11 08:50:28'),
(257, NULL, 'florencia_77@hotmail.es', '$2y$10$a8UWk5cJnmq6JH3daegbR.2g92kgCjcm2.G.adVyLTv61OGgax3Nm', NULL, NULL, NULL, NULL, NULL, NULL, NULL, NULL, 1, NULL, '2015-06-12 04:34:39', NULL, NULL, NULL, '2015-06-12 00:32:01', '2015-06-12 00:34:39'),
(258, NULL, 'sarahcuri@hotmail.com', '$2y$10$xuDKeuJcsgBvFxOJjKt8j.9jqbJCTNGB.Z9XH24hqjru3LmnVIqEO', NULL, NULL, NULL, NULL, NULL, NULL, NULL, NULL, NULL, 'DPgYgbCKNWMbG4BUKWM0zyI0B8LJ5j0pT3Sp9CVyke', NULL, NULL, NULL, NULL, '2015-06-16 08:38:09', '2015-06-16 08:38:09'),
(259, NULL, 'adriannavaa@gmail.com', '$2y$10$LvZjacAevRDKRYxlt8VuQ.xxR4440I6pedCUYc9CgpZ.RbmzF8TIK', NULL, NULL, NULL, NULL, NULL, NULL, NULL, NULL, 1, NULL, '2015-06-17 06:12:49', '2015-06-17 06:14:00', '$2y$10$wZj.kK/c8dx/ZKbtTjFF1.VjK2OlpsLwAKsBZGC/VRxT7Q/UR6M7O', NULL, '2015-06-17 02:09:39', '2015-06-17 02:14:00'),
(260, NULL, 'dahiana719@gmail.com', '$2y$10$jpEp7kMVKFrcC5IRi2yYceNz9uGrrt9gq1v157ykNYtQb0C0kPd8W', NULL, NULL, NULL, NULL, NULL, NULL, NULL, NULL, 1, NULL, '2015-06-17 13:46:14', NULL, NULL, NULL, '2015-06-17 09:25:15', '2015-06-17 09:46:14'),
(261, NULL, 'almirongustavo34@gmail.com', '$2y$10$zMOCkHDeCCrgT3EBXjBUHepfg/Q7UUmmTC3vELKZrv0eYS/GYRrLm', NULL, NULL, NULL, NULL, NULL, NULL, NULL, NULL, NULL, 'd4CdP9EU5qzUI5EinbpGm5ck6FQkFNFzAlHnHK2Ntr', NULL, NULL, NULL, NULL, '2015-06-17 18:39:48', '2015-06-17 18:39:48'),
(262, NULL, 'A.e.h.alvezeze@gmail.com', '$2y$10$8vM7Bzw7ea2CyRhtSAWKueFKMiYZu/d8U3ayIjy7DVGeQlY5WmzbW', NULL, NULL, NULL, NULL, NULL, NULL, NULL, NULL, 1, NULL, '2015-06-20 23:20:43', '2015-09-02 14:28:12', '$2y$10$P82Co.A1Hmv/jkWAK1bU0u81vdHoMjvmdKqmaKJ7RBYVvManoDrrm', NULL, '2015-06-20 19:17:31', '2015-09-02 10:28:12'),
(263, NULL, 'marnoro1985.mr@gmail.com', '$2y$10$QzMIFxT3DSfUduEQ2woEHuPuaB5j5RJ/jw15y3GyBxVxgZPuMQHLO', NULL, NULL, NULL, NULL, NULL, NULL, NULL, NULL, 1, NULL, '2015-07-20 06:06:17', NULL, NULL, NULL, '2015-06-20 23:28:49', '2015-07-20 02:06:17'),
(264, NULL, 'julia_berozub@hotmail.com', '$2y$10$nQEdrmZBSsLnVeRZ7S.uBOltiAeSq9MMs7qG71iZK8f0GcCsVXuwG', NULL, NULL, NULL, NULL, NULL, NULL, NULL, NULL, NULL, 'W8SJCQJ6tSiGuR6wJrJHIi0rpvsWldi0cPoFj30qEN', NULL, NULL, NULL, NULL, '2015-06-21 23:49:57', '2015-06-21 23:49:57'),
(265, NULL, 'acuaries9@hotmail.con', '$2y$10$mLGYGvynTcG8g9lM12g3KuJKiXcJGfqagDL4LLdvvfYx7hK12SyBO', NULL, NULL, NULL, NULL, NULL, NULL, NULL, NULL, NULL, '59wimFm9ggDaD9IY6nJlYKwBgiwoRjdOoenMCOAllD', NULL, NULL, NULL, NULL, '2015-06-22 00:02:07', '2015-06-22 00:02:07'),
(266, NULL, 'davidtroccoli@hotmail.com', '$2y$10$N2ZgF9oWuHxs5AC0lYIhle251WaMI8xulV2pA/wbCc5LvGZFfBsz2', NULL, NULL, NULL, NULL, NULL, NULL, NULL, NULL, 1, NULL, '2015-06-24 09:40:48', '2015-06-24 22:46:35', '$2y$10$F4j2DJtpHKzyEr907ki3bOiLX3fCezaoV0k/9ezAz6hIYotFhdYdW', NULL, '2015-06-24 00:00:37', '2015-06-24 18:46:35'),
(267, NULL, 'soledadfrey78@gmail.com', '$2y$10$q0WoUqbXYTwMi.bXmMWDUurPJgCj3x//HEZUzTibIppe8a5I5LEMy', NULL, NULL, NULL, NULL, NULL, NULL, NULL, NULL, NULL, 'IYyf0N1xb1c93usDDcdljCYPOsqnAqE6cFnhhiySEs', NULL, NULL, NULL, NULL, '2015-06-24 08:59:13', '2015-06-24 08:59:13'),
(268, NULL, 'diegomheck@gmail.com', '$2y$10$DOUq/2J9uI4maS0.Mv5dTO26JjEmkQgHrYGSYOBuIoFj/f5LxyfC2', NULL, NULL, NULL, NULL, NULL, NULL, NULL, NULL, 1, NULL, '2015-06-24 14:13:39', '2015-08-24 00:53:39', '$2y$10$V4HnSuuzps2zWiUwJ4au1uRTgZrVAFr/bYVWUPiHpaJpSm72TDJai', NULL, '2015-06-24 09:00:00', '2015-08-23 20:53:39'),
(269, NULL, 'romiluly.20@gmail.com', '$2y$10$1RSoXsRaUFDBcP9JpJ20COzS2i1v4NrClh30u7Cw.B.j6Ujp/sZt2', NULL, NULL, NULL, NULL, NULL, NULL, NULL, NULL, NULL, '8OUOtQvzaO3T4Fj1kIt2iGVsBOnKOIUICRf8a0Z50e', NULL, NULL, NULL, NULL, '2015-06-24 10:22:16', '2015-06-24 10:22:16'),
(270, NULL, 'lalo-2532@hotmail.com', '$2y$10$aF7VE7vxV31vQncZb45RDO3M.mDS.cWPbxDC9ykFtZ6VS4N1NG6JK', NULL, NULL, NULL, NULL, NULL, NULL, NULL, NULL, NULL, 'BIbqI92xb4QJMmTTtsbIa0jQqTvcOH4V8inqEHKu11', NULL, NULL, NULL, NULL, '2015-06-24 14:43:28', '2015-06-24 14:43:28'),
(271, NULL, 'Karluchiss_servin@hotmail.com', '$2y$10$MlCC17am4BsAiQV2AHoLaOGOU4jOC5BMTTMmxb63ynmJetwDe18DC', NULL, NULL, NULL, NULL, NULL, NULL, NULL, NULL, NULL, '9SckFHdDC9gd5nCMSA7G2LByguFooGEW4yBgmNBsGq', NULL, NULL, NULL, NULL, '2015-06-25 04:38:26', '2015-06-25 04:38:26'),
(272, NULL, 'andyy_ss15@hotmail.com', '$2y$10$myckFUASiGv3QUSr1Yy/Yu8PkgWG.nYUZMp2fsKSmv8A71V6j/bjK', NULL, NULL, NULL, NULL, NULL, NULL, NULL, NULL, NULL, 'RLyhShPr7w7w2Z8ArRV8Pi8VDwp06YiEEXuO2KhbfM', NULL, NULL, NULL, 'K6rKY3RX20KHAryO3rpdkJdwa6tctfl1AOZd1Scaqn', '2015-06-26 21:38:17', '2015-07-02 11:15:18'),
(273, NULL, 'Radiovictoria2005@hotmail.com', '$2y$10$ae2DtfJ5q5ttKLl4pjXIJudQTXTquceNbRGMUbEWWviw2vJ9r.2fW', NULL, NULL, NULL, NULL, NULL, NULL, NULL, NULL, 1, NULL, '2015-06-27 02:17:29', NULL, NULL, NULL, '2015-06-26 22:11:08', '2015-06-26 22:17:29'),
(274, NULL, 'josemaria_cap14@hotmail.com', '$2y$10$UdDBrYPflDAzFEY6hFqCVe30cIkHDz.7VU4brhECK1VC1DrUezmZ.', NULL, NULL, NULL, NULL, NULL, NULL, NULL, NULL, NULL, 'WxPkOw0VxCqMoODoFaKeMtbcdetDmVBfNW67RM3bTk', NULL, NULL, NULL, NULL, '2015-06-30 20:09:06', '2015-06-30 20:09:06'),
(275, NULL, 'Mayumisaguchi@hotmail.com', '$2y$10$9BPhqkl4Sm9nX3LuLb2tZuF./e0NhTzvTk8LCzJx/IOAzJ.LQCDkO', NULL, NULL, NULL, NULL, NULL, NULL, NULL, NULL, NULL, 'T846zkUQ6X6UAtUQVLm4dpG8xGcVge9gx4nczlswxB', NULL, NULL, NULL, NULL, '2015-07-01 13:32:50', '2015-07-01 13:32:50'),
(276, NULL, 'marvic221@hotmail.com', '$2y$10$bscMTz/3Vn05X1wJgSuce.OBF0PwvZ2QmpqeNw4ZQMHAtJmorTuGW', NULL, NULL, NULL, NULL, NULL, NULL, NULL, NULL, NULL, 'evHkB0kHXlKqShoJTv9dCz0PKsYReKcSTKY5Q67b5k', NULL, NULL, NULL, NULL, '2015-07-02 12:34:09', '2015-07-02 12:34:09'),
(277, NULL, 'clementeayala8@gmail.com', '$2y$10$I3m7u2kugNnHWQUSSKGpQuoYf.8caweAtQdVOLp356duQKYyeBhYu', NULL, NULL, NULL, NULL, NULL, NULL, NULL, NULL, 1, NULL, '2015-07-03 01:34:58', NULL, NULL, NULL, '2015-07-02 13:29:49', '2015-07-02 21:34:58'),
(278, NULL, 'Clementeayala8@hotmail.com', '$2y$10$3a9pafapT6.ieBeMYR56ROPfKsDO5PiILYB8zNYpGysLubrau5X9W', NULL, NULL, NULL, NULL, NULL, NULL, NULL, NULL, NULL, 'lQLdrm0UQbKYpNN82uPLOgCIBX4S3H5XDI7Vt7j0ro', NULL, NULL, NULL, NULL, '2015-07-02 13:32:53', '2015-07-02 13:32:53'),
(279, NULL, 'esme2011@live.com.ar', '$2y$10$9t3iCCtZVIDIQM2QfDoBDOuE5cY8GjtO//19ei9YDr.3pDl9JDNyu', NULL, NULL, NULL, NULL, NULL, NULL, NULL, NULL, NULL, 'JP7e2PmTE4twEF8mM8EIfQ3tiD9d1z0uHMAkgYEUyY', NULL, NULL, NULL, NULL, '2015-07-02 20:54:36', '2015-07-02 20:54:36'),
(280, NULL, 'agualvarezsotto@hotmail.com', '$2y$10$5/viGP6ua/ctFLq5UnpYXOFOvMS2eVjXnjugxTm4XpHcR.3OtHfvC', NULL, NULL, NULL, NULL, NULL, NULL, NULL, NULL, 1, NULL, '2015-07-05 02:09:48', '2015-07-05 02:12:12', '$2y$10$AqJYIc7tbGg.Rc3xUIOLVu6HyYaVnplHOha.VnY9Ll3cmNRqA5NiW', NULL, '2015-07-04 21:22:07', '2015-07-04 22:12:12'),
(281, NULL, 'jm_a32@Hotmail.com', '$2y$10$N8cUfV2fFdIWDdwxg1Qyoe90l9ih25ebTYAwAW6kV9v08oX13pxQi', NULL, NULL, NULL, NULL, NULL, NULL, NULL, NULL, 1, NULL, '2015-07-08 07:33:49', NULL, NULL, NULL, '2015-07-05 13:25:02', '2015-07-08 03:33:49'),
(282, NULL, 'aurorarodriguez936@gmail.com', '$2y$10$zPK6lgqjDyT.d647d8nXa.jSx5gKzMuuBqel4iA9tLtECeERYojmK', NULL, NULL, NULL, NULL, NULL, NULL, NULL, NULL, 1, NULL, '2015-07-06 00:53:19', NULL, NULL, NULL, '2015-07-05 18:37:04', '2015-07-05 20:53:19'),
(283, NULL, 'moralescarmin@hotmail.com', '$2y$10$4gnCfljyNvAMN8M4MnPKpuLp2/.GCOsBZujLsHJL4GFKJVUmihRaq', NULL, NULL, NULL, NULL, NULL, NULL, NULL, NULL, NULL, 'z8PYNizo7o7h2tb2SupSZXdJ5rO0WVt42F7M5hI5bl', NULL, NULL, NULL, NULL, '2015-07-05 19:10:56', '2015-07-05 19:10:56'),
(284, NULL, 'maxytue.094@gmail.com', '$2y$10$vgqorPbSzWESeROKanftKuZs98LalrgPshZwHgdZo7WkJD0IgB4Iy', NULL, NULL, NULL, NULL, NULL, NULL, NULL, NULL, NULL, 'MYg9qCw04r4iG672FBBucDFAUrJcX19QwPDqpcvCA3', NULL, NULL, NULL, NULL, '2015-07-06 19:28:22', '2015-07-06 19:28:22'),
(285, NULL, 'irmabescalante@hotmail.com', '$2y$10$POU1FtimXerlZhoWBl.eF.RKq6SFgRO93wwxlxCSy3uQFTzLbfofm', NULL, NULL, NULL, NULL, NULL, NULL, NULL, NULL, 1, NULL, '2015-07-11 18:01:52', NULL, NULL, NULL, '2015-07-11 14:00:13', '2015-07-11 14:01:52'),
(286, NULL, 'soniavirasoro@gmail.com', '$2y$10$.FsGXmlN0byOD2RInftb2eMrkglXZjJWoXWL1ixZjVERM2y69D7DK', NULL, NULL, NULL, NULL, NULL, NULL, NULL, NULL, 1, NULL, '2015-07-13 14:58:51', NULL, NULL, NULL, '2015-07-13 10:57:58', '2015-07-13 10:58:51'),
(287, NULL, 'litoarguello@hotmail.com', '$2y$10$X0whTTGMccJYs0aDr1m3KupEdDCaHxF7bfY5MW.GvwunIzHniSI9K', NULL, NULL, NULL, NULL, NULL, NULL, NULL, NULL, 1, NULL, '2015-07-17 18:35:49', NULL, NULL, NULL, '2015-07-16 19:38:27', '2015-07-17 14:35:49'),
(288, NULL, 'eflores@tapebicua.com.ar', '$2y$10$glhNsy/Lr6Si8q1ETX7d0ux7Lzbii3YxadaV3kOS63q.eInOqWOwO', NULL, NULL, NULL, NULL, NULL, NULL, NULL, NULL, 1, NULL, '2015-07-20 02:17:28', NULL, NULL, NULL, '2015-07-19 22:15:09', '2015-07-19 22:17:28'),
(289, NULL, 'joanitabritez@gmail.com', '$2y$10$mofp0yX9Ej1gjxXcy4SBQuLmDoPbGZ8mMov67yl/qALmp7QiTukIy', NULL, NULL, NULL, NULL, NULL, NULL, NULL, NULL, NULL, 'zKLwdRFKbLeRVxPaD2931TnVK2OZN8GDxxflnRwcil', NULL, NULL, NULL, NULL, '2015-07-19 23:56:00', '2015-07-19 23:56:00'),
(290, NULL, 'guillermoveron_14@hotmail.com', '$2y$10$HDEvRMBk4C72C3mDNx79LuizlGoHOj.hL11m/Agb0gaWOw.mXWHFa', NULL, NULL, NULL, NULL, NULL, NULL, NULL, NULL, NULL, 'WhCu78xMR0I4UcIY7f6iNUDiEpHUteTHjVfhDfGDZx', NULL, NULL, NULL, NULL, '2015-07-21 20:37:38', '2015-07-21 20:37:38'),
(291, NULL, 'valentinlle@yahoo.com.ar', '$2y$10$Jp3ml7A9AP6UPebkqTJkqeVmw74OntIuZ3/pz2/9du4l/4UZcRdgK', NULL, NULL, NULL, NULL, NULL, NULL, NULL, NULL, 1, NULL, '2015-07-22 15:49:20', NULL, NULL, NULL, '2015-07-22 11:40:31', '2015-07-22 11:49:20'),
(292, NULL, 'cascojuliocesar@gmail.com', '$2y$10$bKRu.o2b/dBUX/qkXSy5T.Q.dnoTW33AYvZvQ25qvSduiqaMDjHnq', NULL, NULL, NULL, NULL, NULL, NULL, NULL, NULL, 1, NULL, '2015-07-22 16:41:20', NULL, NULL, NULL, '2015-07-22 12:39:33', '2015-07-22 12:41:20'),
(293, NULL, 'direcesc596@yahoo.com.ar', '$2y$10$6H1ZrEPHpvjO6/CfZSSegOceNdyI0hpgbdPu1MPifXu/nlwM4tDYq', NULL, NULL, NULL, NULL, NULL, NULL, NULL, NULL, 1, NULL, '2015-07-23 12:37:15', NULL, NULL, NULL, '2015-07-23 07:43:02', '2015-07-23 08:37:15'),
(294, NULL, 'seleccion@redguard.com', '$2y$10$YdZDF.97HP746RNZK.ez1eBGEIDms0SMF/tpHqCpkCJsbdf1Ym.eq', NULL, NULL, NULL, NULL, NULL, NULL, NULL, NULL, NULL, '22C1GoPbmEbJDC7Ihwvqq1Vp5JgItlaUU811fd2aWu', NULL, NULL, NULL, NULL, '2015-07-24 12:09:36', '2015-07-24 14:17:34'),
(295, NULL, 'elba-r-navarro48@hotmail.com', '$2y$10$PtNHBTTWk/rriBCb.RyG7ehH9qFfLS25.Dd3oAko/eGvo4IXHcOkC', NULL, NULL, NULL, NULL, NULL, NULL, NULL, NULL, 1, NULL, '2015-07-27 03:16:26', NULL, NULL, NULL, '2015-07-24 20:03:22', '2015-07-26 23:16:26'),
(296, NULL, 'britezmika_es@hotmail.com', '$2y$10$VavPZaFEbNLghbpixGHHmu3S4A7tBCeXjNepUzPThYiddgx5U3K2S', NULL, NULL, NULL, NULL, NULL, NULL, NULL, NULL, NULL, 'AM7M5dqdjXyxflQ5z1BvwIsmFqeOEqX4Heo3uJtwRM', NULL, NULL, NULL, NULL, '2015-07-24 20:31:54', '2015-07-24 20:31:54'),
(297, NULL, 'albertitocordobe@email.com.ar', '$2y$10$Lww/QoQzcPDFc9pLad8fuet7SUh7mFIo6XSZQQvV99gYseGp4y0AS', NULL, NULL, NULL, NULL, NULL, NULL, NULL, NULL, NULL, 'OjoZTqRHirKkWtnu2zpCtbzCmdAvjWbUm4wQJpoind', NULL, NULL, NULL, NULL, '2015-07-27 12:54:09', '2015-07-27 12:54:09'),
(298, NULL, 'victorhugohugo23@hotmail.com', '$2y$10$fZBaiEhOTx9C8INjgDJbA.8/hPaPkWxHd/M10BTsmLUivM1YJTr8K', NULL, NULL, NULL, NULL, NULL, NULL, NULL, NULL, NULL, 'n1vKqAXKduYRDfZKUcSCCVnfdo7gIEVtyN0spAlMsl', NULL, NULL, NULL, NULL, '2015-07-28 08:09:47', '2015-07-28 08:09:47'),
(299, NULL, 'noe.nito@hotmail.com', '$2y$10$2QzEDAh5S.DPyoCVUSuM5O2129deHAdw4dR5oF4W87jNMqyStAA2y', NULL, NULL, NULL, NULL, NULL, NULL, NULL, NULL, NULL, 'Y7BRKOCtU4LKK5JZ0ohco05FEEqhAW7q90qrtFRtA1', NULL, NULL, NULL, NULL, '2015-08-06 11:21:00', '2015-08-06 11:21:00'),
(300, NULL, 'noemipavon@yahoo.com', '$2y$10$9Q3GFHGjZ1u4m5.mTkFmsOOeRAp6ciS/tHKipLIlqHLMNjKhSTS/O', NULL, NULL, NULL, NULL, NULL, NULL, NULL, NULL, 1, NULL, '2015-08-08 13:26:34', '2015-08-08 16:44:49', '$2y$10$xWnCds5jk9sWSW./kYAreOraX4uPIosOlPLOKpEiEHnXHXJICFLqC', NULL, '2015-08-08 09:21:25', '2015-08-08 12:44:49'),
(301, NULL, 'Briant.jb19@gmail.com', '$2y$10$ExhsVTADMbrtCH6upMDAC.1EBfHh1XzV2OpANyHuHnuAaCFVIl/.y', NULL, NULL, NULL, NULL, NULL, NULL, NULL, NULL, NULL, 'evgSE08ijpJ7cyRpt68Kd4JdB45MU5zOUSY8Iy4Khq', NULL, NULL, NULL, NULL, '2015-08-10 18:35:41', '2015-08-10 18:35:41'),
(302, NULL, 'Lusjos.jlg@gmail.com', '$2y$10$oqHO7n7q7/Sla9hhl2XV.O8xg0pLW4Ji/DUFNuCjmE2mEsoQSYvvC', NULL, NULL, NULL, NULL, NULL, NULL, NULL, NULL, 1, NULL, '2015-08-11 11:05:58', NULL, NULL, NULL, '2015-08-11 06:58:04', '2015-08-11 07:05:58'),
(303, NULL, 'marioroberto828@gmail.com', '$2y$10$njNLR5M81ZjWdWbIKzfRv.Yw9Rpk6DoybI0mwjeJBlJw6Fh8TvLGC', NULL, NULL, NULL, NULL, NULL, NULL, NULL, NULL, NULL, 'y1n7T71F670TrsIWU15jb9SBIX2d79afj9ddXgr37J', NULL, NULL, NULL, NULL, '2015-08-12 16:45:07', '2015-08-12 16:45:07'),
(304, NULL, 'Alecito98@hotmail.com', '$2y$10$T44X3jjZqBpGlXlnl.K8nOxJr84dNBAaVQr9CIB18jL9p4Fhb/6/W', NULL, NULL, NULL, NULL, NULL, NULL, NULL, NULL, NULL, 'QkxL8e3n2SlnZEugUfuQXDRVKyNLTE91Y2lwZjJfXb', NULL, NULL, NULL, NULL, '2015-08-13 11:55:00', '2015-08-13 11:55:00'),
(305, NULL, 'jaavalos840@gmail.com', '$2y$10$HZJuf2CBnnYr4f9X48XrtuQ.NvXjP.If40fxyfiMArVlUw2ces6vS', NULL, NULL, NULL, NULL, NULL, NULL, NULL, NULL, NULL, 'Tiv3uoD7ss4HLcjmkzlVvXHJumiCBXOIr7WNYFM9Bm', NULL, NULL, NULL, NULL, '2015-08-15 04:44:18', '2015-08-15 04:44:18'),
(306, NULL, 'albaniautomotores@yimail.com', '$2y$10$8SrhpaZ50WjqMJ8zXZTLWeZiwW036AQQbeF6NlOQw4lXEODQqkOiK', NULL, NULL, NULL, NULL, NULL, NULL, NULL, NULL, NULL, 'S9o8Zc2UaQx0t8jq5e14FHwiBk4Hm6d8cKrqC6pEgL', NULL, NULL, NULL, NULL, '2015-08-18 08:03:25', '2015-08-18 08:03:25'),
(307, NULL, 'avanciniandrea@gmail.com', '$2y$10$71xEOA7r8wG8bX7lK6ENCOcLohtDCL22.JO5e/SEYcz4EHQ6NvzGm', NULL, NULL, NULL, NULL, NULL, NULL, NULL, NULL, 1, NULL, '2015-08-20 12:00:31', NULL, NULL, '4BclKm5meszfpLlZW4Mx15GZW5W9Cl8mT55qaldPNF', '2015-08-20 07:44:21', '2015-08-20 08:00:31'),
(308, NULL, 'ver_edpil86@hotmail.com.ar', '$2y$10$AI1EIBRd4ZJwzSV.WlOqnOC8CMT5LRGPsP/57XvO7DjYoAs.ccnFe', NULL, NULL, NULL, NULL, NULL, NULL, NULL, NULL, 1, NULL, '2015-08-26 14:49:08', NULL, NULL, NULL, '2015-08-25 09:48:18', '2015-08-26 10:49:08'),
(309, NULL, 'maria1_171@hotmail.com', '$2y$10$8fwU2VsNV7ISCkK1XMQ7sOMA3PEzhjTtfzWDk2RUFg2LU8AW/vEvK', NULL, NULL, NULL, NULL, NULL, NULL, NULL, NULL, 1, NULL, '2015-08-31 12:17:48', NULL, NULL, NULL, '2015-08-27 22:11:47', '2015-08-31 08:17:48'),
(310, NULL, 'friashoracioneu@gmail.com', '$2y$10$euJDd1WN8jJvcGM0VsN37.j4iemwueLNL9S6uElpP5adTLp9Nwpfq', NULL, NULL, NULL, NULL, NULL, NULL, NULL, NULL, NULL, 'jqylmHAW3ctCCsno7vO5Yhm2MmyNaQbKuiP1na8pEB', NULL, NULL, NULL, NULL, '2015-08-30 20:02:04', '2015-08-30 20:02:04'),
(311, NULL, 'jesfutbol5.2015@gmail.com', '$2y$10$n856BzzZA1ntgoSb2YDEauwgb5w39Lvwf2Wg066FlugPF6LVG9s1.', NULL, NULL, NULL, NULL, NULL, NULL, NULL, NULL, 1, NULL, '2015-09-03 21:18:45', NULL, NULL, NULL, '2015-09-03 17:14:00', '2015-09-03 17:18:45'),
(312, NULL, 'yoacanteros@gmail.com', '$2y$10$6XhfnVc3U42qixoixCg9MuNlfYcJZ31AnyY61bax46mqj9agjUI1a', NULL, NULL, NULL, NULL, NULL, NULL, NULL, NULL, NULL, 'J6GLxqbhitvdO6Wd4xa6IOWnyRFMijghwsEqtH61Ow', NULL, NULL, NULL, NULL, '2015-09-04 19:05:50', '2015-09-04 19:05:50'),
(313, NULL, 'ricardomario40@yahoo.com.ar', '$2y$10$AVZ3.XwVdZ7mXSdFEY.nmO17BZ1o0zcUJwfhnZSJDVihdXvOCEmEC', NULL, NULL, NULL, NULL, NULL, NULL, NULL, NULL, 1, NULL, '2015-09-08 16:49:26', '2015-09-08 16:52:05', '$2y$10$dq/bPjGYLJAwabqfeszipe8GlV.A/2vpWOlNChif/qULYhBiwwClW', NULL, '2015-09-08 12:46:28', '2015-09-08 12:52:05'),
(314, NULL, 'ricardomario40@yahoo.como.ar', '$2y$10$Gv5ZylM9iUDVVguoFZDEGOl5ON0miMM.41aZ2E5txS6EllH.zOsO6', NULL, NULL, NULL, NULL, NULL, NULL, NULL, NULL, NULL, 'v5dy7gcQMggEokfWrIPcjjkJUx9FP17xe6DtYru8Eu', NULL, NULL, NULL, NULL, '2015-09-09 13:59:39', '2015-09-09 13:59:39');

-- --------------------------------------------------------

--
-- Estructura de tabla para la tabla `users_groups`
--

CREATE TABLE `users_groups` (
  `user_id` int(11) DEFAULT NULL,
  `group_id` int(11) DEFAULT NULL
) ENGINE=InnoDB DEFAULT CHARSET=utf8;

--
-- Volcado de datos para la tabla `users_groups`
--

INSERT INTO `users_groups` (`user_id`, `group_id`) VALUES
(1, 1),
(1, 2),
(2, 1),
(2, 2),
(3, 1),
(3, 2),
(4, 1),
(4, 2),
(1, 1),
(1, 2),
(2, 1),
(2, 2),
(217, 1),
(217, 2);

--
-- Índices para tablas volcadas
--

--
-- Indices de la tabla `groups`
--
ALTER TABLE `groups`
  ADD PRIMARY KEY (`id`);

--
-- Indices de la tabla `throttle`
--
ALTER TABLE `throttle`
  ADD PRIMARY KEY (`id`);

--
-- Indices de la tabla `users`
--
ALTER TABLE `users`
  ADD PRIMARY KEY (`id`);

--
-- AUTO_INCREMENT de las tablas volcadas
--

--
-- AUTO_INCREMENT de la tabla `groups`
--
ALTER TABLE `groups`
  MODIFY `id` int(11) NOT NULL AUTO_INCREMENT,AUTO_INCREMENT=3;
--
-- AUTO_INCREMENT de la tabla `throttle`
--
ALTER TABLE `throttle`
  MODIFY `id` int(11) NOT NULL AUTO_INCREMENT,AUTO_INCREMENT=286;
--
-- AUTO_INCREMENT de la tabla `users`
--
ALTER TABLE `users`
  MODIFY `id` int(11) NOT NULL AUTO_INCREMENT,AUTO_INCREMENT=315;
